,index,model_names,ratings,price,imgURL,battery,storage,ram,processor,android_version
0,0,"REDMI 10 Power (Sporty Orange, 128 GB)",4.2,13500,https://rukminim2.flixcart.com/image/312/312/xif0q/mobile/p/g/k/-original-imageyuud3bey9hh.jpeg?q=70,6000,128,8,not mentioned,13
1,1,"REDMI 10 Power (Power Black, 128 GB)",4.2,12840,https://rukminim2.flixcart.com/image/312/312/xif0q/mobile/e/y/b/-original-imageftfzx8gfkys.jpeg?q=70,6000,128,8,not mentioned,13
2,2,"Redmi 9A Sport (Metallic Blue, 32 GB)",4.1,7520,https://rukminim2.flixcart.com/image/312/312/xif0q/mobile/j/z/h/-original-imag7gy6tzuz3hk8.jpeg?q=70,5000,32,2,not mentioned,10
3,3,"Redmi 9A Sport (Coral Green, 32 GB)",4.2,8450,https://rukminim2.flixcart.com/image/312/312/xif0q/mobile/x/i/8/-original-imag7chxqqu7h5hs.jpeg?q=70,5000,32,3,not mentioned,10
4,4,"Xiaomi 11Lite NE (Vinyl Black, 128 GB)",4.2,21644,https://rukminim2.flixcart.com/image/312/312/xif0q/mobile/e/u/4/-original-imag7f6chqmz5hzd.jpeg?q=70,4250,128,6,Snapdragon778G,11
5,5,"Redmi 10 Prime (Phantom Black, 64 GB)",4.2,11990,https://rukminim2.flixcart.com/image/312/312/ktbu6q80/mobile/s/j/e/10-prime-10-redmi-original-imag6pbabybzmrhn.jpeg?q=70,6000,64,4,not mentioned,11
6,6,"Mi 11 Lite (Jazz Blue, 128 GB)",4.2,17499,https://rukminim2.flixcart.com/image/312/312/kq6yefk0/mobile/i/w/m/11-lite-m2101k9ai-mi-original-imag496gkgqjrvvg.jpeg?q=70,4250,128,8,Snapdragon732G,11
7,7,"Mi 11 Lite (Vinyl Black, 128 GB)",4.2,17499,https://rukminim2.flixcart.com/image/312/312/kq6yefk0/mobile/b/2/f/11-lite-m2101k9ai-mi-original-imag496egxryygvz.jpeg?q=70,4250,128,8,Snapdragon732G,11
8,8,"Redmi 9A Sport (Coral Green, 32 GB)",4.1,7290,https://rukminim2.flixcart.com/image/312/312/xif0q/mobile/x/i/8/-original-imag7chxqqu7h5hs.jpeg?q=70,5000,32,2,not mentioned,10
9,9,"Redmi 9 (Carbon Black, 64 GB)",4.2,10480,https://rukminim2.flixcart.com/image/312/312/kex5ci80/mobile/x/w/r/mi-redmi-9-m2006c3mii-original-imafvhqqcyp9z5f4.jpeg?q=70,5000,64,4,Heilo35P,10
10,10,"Redmi 9A (Nature Green, 32 GB)",4.3,9499,https://rukminim2.flixcart.com/image/312/312/kesv0y80/mobile/k/h/9/mi-redmi-9a-b08696xb4b-original-imafve7pte7e4zmp.jpeg?q=70,5000,32,3,Heilo25P,10
11,11,"Redmi 6 (Black, 32 GB)",4.4,8999,https://rukminim2.flixcart.com/image/312/312/jm2c87k0/mobile/a/u/t/mi-redmi-6-na-original-imaf92dn4sfharjg.jpeg?q=70,3000,32,3,not mentioned,8
12,12,"Xiaomi 12 Pro 5G (Noir Black, 256 GB)",4.2,-20537,https://rukminim2.flixcart.com/image/312/312/xif0q/mobile/7/y/u/-original-imagqmtfu8gt62yv.jpeg?q=70,4600,256,12,Gen8,12
13,13,"Mi 11X (Lunar White, 128 GB)",4.2,22990,https://rukminim2.flixcart.com/image/312/312/kp78e4w0/mobile/b/2/u/11x-11x-mi-original-imag3hqsshfzpv4u.jpeg?q=70,4520,128,6,Snapdragon870P,11
14,14,"Redmi 7A (Matte Blue, 32 GB)",4.3,6999,https://rukminim2.flixcart.com/image/312/312/k65d18w0pkrrdj/mobile-refurbished/t/h/b/redmi-7a-16-a-mzb7799in-mi-2-original-imafg27hramfktfs.jpeg?q=70,4000,32,2,Snapdragon439P,9
15,15,"Redmi 6 (Gold, 32 GB)",4.4,8999,https://rukminim2.flixcart.com/image/312/312/jlo1tow0/mobile/g/v/x/mi-redmi-6-na-original-imaf8qtkgh6qhs3p.jpeg?q=70,3000,32,3,not mentioned,8
16,16,"Mi 11 Lite (Vinyl Black, 128 GB)",4.2,21999,https://rukminim2.flixcart.com/image/312/312/kq6yefk0/mobile/b/2/f/11-lite-m2101k9ai-mi-original-imag496egxryygvz.jpeg?q=70,4250,128,6,Snapdragon732G,11
17,17,"Redmi 10 Prime (Astral White, 64 GB)",4.2,12000,https://rukminim2.flixcart.com/image/312/312/ktbu6q80/mobile/x/e/t/10-prime-10-redmi-original-imag6paxhggdnsjz.jpeg?q=70,6000,64,4,not mentioned,11
18,18,"REDMI NOTE 10 LITE (Glacier White, 128 GB)",4.3,14480,https://rukminim2.flixcart.com/image/312/312/kua4r680/mobile/n/o/b/m2002f4lg-m1910f4g-redmi-note-10-lite-redmi-original-imag7f7fqkuma9rf.jpeg?q=70,5020,128,4,not mentioned,10
19,19,"Redmi 8 (Onyx Black, 64 GB)",4.4,10999,https://rukminim2.flixcart.com/image/312/312/k1fbmvk0/mobile/k/b/e/mi-redmi-8-mzb8250in-original-imafhyabpggagngr.jpeg?q=70,5000,64,4,Snapdragon439P,9
20,20,"Xiaomi 11i 5G (Purple Mist, 128 GB)",4.2,26999,https://rukminim2.flixcart.com/image/312/312/ky7lci80/mobile/e/j/x/-original-imagag2gatsxzcuv.jpeg?q=70,5160,128,8,Dimensity920P,11
21,21,"Redmi Note 6 Pro (Rose Gold, 64 GB)",4.5,17999,https://rukminim2.flixcart.com/image/312/312/jog2nbk0/mobile/q/z/h/mi-redmi-e7t-na-original-imafazxgdvdcnygz.jpeg?q=70,4000,64,6,Snapdragon636P,8
22,22,"Redmi Note 6 Pro (Red, 64 GB)",4.5,17999,https://rukminim2.flixcart.com/image/312/312/jog2nbk0/mobile/d/j/d/mi-redmi-e7t-na-original-imafazxhztrw9gnr.jpeg?q=70,4000,64,6,Snapdragon636P,8
23,23,"Redmi Note 6 Pro (Red, 64 GB)",4.5,15999,https://rukminim2.flixcart.com/image/312/312/jog2nbk0/mobile/d/j/d/mi-redmi-e7t-na-original-imafazxhztrw9gnr.jpeg?q=70,4000,64,4,Snapdragon636P,8
24,24,"Redmi Note 6 Pro (Black, 64 GB)",4.5,15999,https://rukminim2.flixcart.com/image/312/312/jog2nbk0/mobile/e/x/b/mi-redmi-e7t-na-original-imafazxdh2bd6hep.jpeg?q=70,4000,64,4,Snapdragon636P,8
25,25,"Mi 10T (Cosmic Black, 128 GB)",4.2,23849,https://rukminim2.flixcart.com/image/312/312/kg6vfrk0/mobile/h/m/z/mi-10t-mzb07zain-original-imafwhbyyvhd3g9v.jpeg?q=70,5000,128,6,Snapdragon865P,10
26,26,"REDMI Note 11 Pro (Stealth Black, 128 GB)",4.2,20999,https://rukminim2.flixcart.com/image/312/312/xif0q/mobile/m/0/c/-original-imagcvg4ghr3ykge.jpeg?q=70,5000,128,6,not mentioned,11
27,27,"Redmi 9A Sport (Carbon Black, 32 GB)",4.2,7790,https://rukminim2.flixcart.com/image/312/312/xif0q/mobile/j/l/n/-original-imag7chjvhxdhhyh.jpeg?q=70,5000,32,3,not mentioned,10
28,28,"Redmi 9 (Sporty Orange, 64 GB)",4.2,10280,https://rukminim2.flixcart.com/image/312/312/kehfi4w0/mobile/y/a/d/mi-redmi-9-lpddr4x-original-imafv5kyeqsgxgzz.jpeg?q=70,5000,64,4,not mentioned,10
29,29,"Redmi 9 (Sky Blue, 64 GB)",4.2,10249,https://rukminim2.flixcart.com/image/312/312/kehfi4w0/mobile/g/9/h/mi-redmi-9-lpddr4x-original-imafv5kypkgfqupf.jpeg?q=70,5000,64,4,not mentioned,10
30,30,"Redmi Go (Black, 8 GB)",4.3,5999,https://rukminim2.flixcart.com/image/312/312/jteoosw0/mobile/z/h/x/mi-redmi-go-mzb7184in-original-imaferc8fhhzqwyf.jpeg?q=70,3000,8,1,Snapdragon425P,8
31,31,"Xiaomi 11Lite NE (Diamond Dazzle, 128 GB)",4.2,24988,https://rukminim2.flixcart.com/image/312/312/xif0q/mobile/i/k/u/-original-imag7f6centfwcbz.jpeg?q=70,4250,128,8,Snapdragon778G,11
32,32,"Redmi 6 (Rose Gold, 32 GB)",4.4,8999,https://rukminim2.flixcart.com/image/312/312/jmkwya80/mobile/w/h/j/mi-redmi-6-na-original-imaf9gmdbuyhkwkw.jpeg?q=70,3000,32,3,not mentioned,8
33,33,"Xiaomi 11Lite NE (Vinyl Black, 128 GB)",4.2,24990,https://rukminim2.flixcart.com/image/312/312/xif0q/mobile/e/u/4/-original-imag7f6chqmz5hzd.jpeg?q=70,4250,128,8,Snapdragon778G,11
34,34,"Redmi Note 5 Pro (Gold, 64 GB)",4.5,16999,https://rukminim2.flixcart.com/image/312/312/jdkjzww0/mobile/y/q/m/redmi-note-5-pro-mzb6084in-original-imaf2g8zj6y5vkqn.jpeg?q=70,4000,64,6,Snapdragon636P,7
35,35,"Mi A2 (Gold, 64 GB)",4.2,17499,https://rukminim2.flixcart.com/image/312/312/jmf76vk0/mobile/z/d/w/mi-a2-na-original-imaf9c7jhzrvhhy8.jpeg?q=70,3010,64,4,Snapdragon,8
36,36,"Xiaomi 12 Pro 5G (Opera Mauve, 256 GB)",4.2,-20537,https://rukminim2.flixcart.com/image/312/312/xif0q/mobile/v/c/x/-original-imagqmtffg9sjjp6.jpeg?q=70,4600,256,12,Gen8,12
37,37,"Xiaomi 12 Pro 5G (Couture Blue, 256 GB)",4.2,-20537,https://rukminim2.flixcart.com/image/312/312/xif0q/mobile/7/l/8/-original-imagqmtfgq7e4edm.jpeg?q=70,4600,256,12,Gen8,12
38,38,"Xiaomi 11Lite NE (Diamond Dazzle, 128 GB)",4.2,21980,https://rukminim2.flixcart.com/image/312/312/xif0q/mobile/i/k/u/-original-imag7f6centfwcbz.jpeg?q=70,4250,128,6,not mentioned,11
39,39,"Xiaomi 11Lite NE (Jazz Blue, 128 GB)",4.2,22490,https://rukminim2.flixcart.com/image/312/312/xif0q/mobile/u/c/f/-original-imag7f6cj8dytyj2.jpeg?q=70,4250,128,8,not mentioned,11
40,40,"Xiaomi 11Lite NE (Jazz Blue, 128 GB)",4.2,21980,https://rukminim2.flixcart.com/image/312/312/xif0q/mobile/u/c/f/-original-imag7f6cj8dytyj2.jpeg?q=70,4250,128,6,not mentioned,11
41,41,"Xiaomi 12 Pro 5G (Opera Mauve, 256 GB)",4.1,-23537,https://rukminim2.flixcart.com/image/312/312/xif0q/mobile/v/c/x/-original-imagqmtffg9sjjp6.jpeg?q=70,4600,256,8,Gen8,12
42,42,"Mi 11X (Lunar White, 128 GB)",4.2,25980,https://rukminim2.flixcart.com/image/312/312/xif0q/mobile/c/8/o/-original-imaggcz7bfchgq8g.jpeg?q=70,4520,128,8,Snapdragon870P,11
43,43,"Mi 11X (Cosmic Black, 128 GB)",4.2,23999,https://rukminim2.flixcart.com/image/312/312/kp78e4w0/mobile/b/2/u/11x-11x-mi-original-imag3hqsshfzpv4u.jpeg?q=70,4520,128,8,Snapdragon870P,11
44,44,"Mi 11X (Celestial Silver, 128 GB)",4.2,22990,https://rukminim2.flixcart.com/image/312/312/xif0q/mobile/g/c/5/-original-imaggcz8kjjfgfvf.jpeg?q=70,4520,128,6,Snapdragon870P,11
45,45,"Redmi 9A (SeaBlue, 32 GB)",4.3,7490,https://rukminim2.flixcart.com/image/312/312/kesv0y80/mobile/w/g/r/mi-redmi-9a-b08696xb4b-original-imafve7pjpemhwk5.jpeg?q=70,5000,32,2,not mentioned,10
46,46,"Redmi 9A (Nature Green, 32 GB)",4.3,7490,https://rukminim2.flixcart.com/image/312/312/kesv0y80/mobile/k/h/9/mi-redmi-9a-b08696xb4b-original-imafve7pte7e4zmp.jpeg?q=70,5000,32,2,not mentioned,10
47,47,"Xiaomi 12 Pro 5G (Couture Blue, 256 GB)",4.1,-23537,https://rukminim2.flixcart.com/image/312/312/xif0q/mobile/7/l/8/-original-imagqmtfgq7e4edm.jpeg?q=70,4600,256,8,Gen8,12
48,48,"Redmi 9A (Sea Blue, 32 GB)",4.3,8490,https://rukminim2.flixcart.com/image/312/312/kesv0y80/mobile/w/g/r/mi-redmi-9a-b08696xb4b-original-imafve7pjpemhwk5.jpeg?q=70,5000,32,3,Heilo25P,10
49,49,"Mi 10T (Lunar Silver, 128 GB)",4.1,-27537,https://rukminim2.flixcart.com/image/312/312/kg6vfrk0/mobile/8/y/a/mi-10t-mzb07zcin-original-imafwhccy8hynwp6.jpeg?q=70,5000,128,8,Snapdragon865P,10
50,50,"Redmi 8 (Ruby Red, 64 GB)",4.4,10999,https://rukminim2.flixcart.com/image/312/312/k1fbmvk0/mobile/4/f/f/mi-redmi-8-mzb8251in-original-imafhyacmxaefxgw.jpeg?q=70,5000,64,4,Snapdragon439P,9
51,51,"Xiaomi 11i Hypercharge 5G (Stealth Black, 128 GB)",4.2,23999,https://rukminim2.flixcart.com/image/312/312/ky7lci80/mobile/j/u/r/-original-imagagf6zvvbfjjg.jpeg?q=70,4500,128,6,Dimensity920P,11
52,52,"Redmi Go (Black, 16 GB)",4.3,5999,https://rukminim2.flixcart.com/image/312/312/jyxaw7k0/mobile/g/g/z/mi-redmi-go-mzb7703in-original-imafeju5hfeprype.jpeg?q=70,3000,16,1,Snapdragon425P,8
53,53,"Mi 10T (Cosmic Black, 128 GB)",4.1,-27537,https://rukminim2.flixcart.com/image/312/312/kg6vfrk0/mobile/h/m/z/mi-10t-mzb07zain-original-imafwhbyyvhd3g9v.jpeg?q=70,5000,128,8,Snapdragon865P,10
54,54,"Redmi Go (Blue, 16 GB)",4.3,5999,https://rukminim2.flixcart.com/image/312/312/jyxaw7k0/mobile/f/d/f/mi-redmi-go-mzb7704in-original-imafeju5rpkdjp4g.jpeg?q=70,3000,16,1,Snapdragon425P,8
55,55,"Redmi 7A (Matte Gold, 32 GB)",4.3,6999,https://rukminim2.flixcart.com/image/312/312/k65d18w0pkrrdj/mobile-refurbished/f/a/x/redmi-7a-16-u-mzb7995in-mi-2-original-imafg27hgnkdfchm.jpeg?q=70,4000,32,2,Snapdragon439P,9
56,56,"Redmi 7A (Matte Black, 32 GB)",4.3,6999,https://rukminim2.flixcart.com/image/312/312/k65d18w0pkrrdj/mobile-refurbished/m/j/w/redmi-7a-32-d-mzb7800in-mi-2-original-imafg27hkgpkhsdy.jpeg?q=70,4000,32,2,Snapdragon439P,9
57,57,"Redmi Go (Blue, 8 GB)",4.3,5999,https://rukminim2.flixcart.com/image/312/312/jteoosw0/mobile/3/e/3/mi-redmi-go-mzb7186in-original-imafercbuyz96gte.jpeg?q=70,3000,8,1,Snapdragon425P,8
58,58,"Xiaomi 11Lite NE (Vinyl Black, 128 GB)",4.2,21990,https://rukminim2.flixcart.com/image/312/312/xif0q/mobile/q/1/f/-original-imagkn6dut9njh7f.jpeg?q=70,4250,128,6,not mentioned,11
59,59,"Redmi Note 7S (Onyx Black, 32 GB)",4.4,11999,https://rukminim2.flixcart.com/image/312/312/k3xcdjk0pkrrdj/mobile-refurbished/q/d/5/redmi-note-7s-32-u-mzb7744in-mi-3-original-imafe48yggp2za54.jpeg?q=70,4000,32,3,Snapdragon,9
60,60,"Redmi Note 6 Pro (Blue, 64 GB)",4.5,17999,https://rukminim2.flixcart.com/image/312/312/josxlzk0/mobile/y/j/j/mi-redmi-note-6-pro-mzb6882in-original-imafb6npun9zvqbk.jpeg?q=70,4000,64,6,Snapdragon636P,8
61,61,"Redmi 8A (Sunset Red, 32 GB)",4.4,7999,https://rukminim2.flixcart.com/image/312/312/k0y6cnk0/mobile/p/4/x/mi-redmi-8a-mzb8459in-original-imafkmg2mza82yyu.jpeg?q=70,5000,32,2,Snapdragon439P,9
62,62,"Xiaomi 11Lite NE (Jazz Blue, 128 GB)",4.2,24999,https://rukminim2.flixcart.com/image/312/312/xif0q/mobile/u/c/f/-original-imag7f6cj8dytyj2.jpeg?q=70,4250,128,6,Snapdragon778G,11
63,63,"Xiaomi 11Lite NE (Jazz Blue, 128 GB)",4.2,23375,https://rukminim2.flixcart.com/image/312/312/xif0q/mobile/u/c/f/-original-imag7f6cj8dytyj2.jpeg?q=70,4250,128,8,Snapdragon778G,11
64,64,"Xiaomi 11T Pro 5G Hyperphone (Moonlight White, 128 GB)",4.0,-26546,https://rukminim2.flixcart.com/image/312/312/kyoqmq80/mobile/f/m/b/11t-pro-5g-11t-mi-original-imagauz3cr3wzrhg.jpeg?q=70,5000,128,8,not mentioned,11
65,65,"Redmi 8A Dual (Sky White, 32 GB)",4.2,8999,https://rukminim2.flixcart.com/image/312/312/k6tniq80/mobile/v/z/j/mi-redmi-8a-dual-b07x1ktaa-original-imafp73gqsrtspkk.jpeg?q=70,5000,32,3,Snapdragon439P,9
66,66,"Mi 10T Pro (Cosmic Black, 128 GB)",4.2,-17537,https://rukminim2.flixcart.com/image/312/312/kg6vfrk0/mobile/e/s/6/mi-10t-pro-mzb07zdin-original-imafwhbrythgcddt.jpeg?q=70,5000,128,8,Snapdragon865P,10
67,67,"Mi 11X (Celestial Silver, 128 GB)",4.2,24990,https://rukminim2.flixcart.com/image/312/312/xif0q/mobile/g/c/5/-original-imaggcz8kjjfgfvf.jpeg?q=70,4520,128,8,Snapdragon870P,11
68,68,"Xiaomi 11i Hypercharge 5G (Purple Mist, 128 GB)",4.2,23999,https://rukminim2.flixcart.com/image/312/312/ky7lci80/mobile/k/b/g/-original-imagagf6fzbhuhny.jpeg?q=70,4500,128,6,Dimensity920P,11
69,69,"Redmi 4A (Dark Grey, 32 GB)",4.4,6999,https://rukminim2.flixcart.com/image/312/312/j6wi0sw0/mobile/f/h/a/mi-redmi-4a-mzb5600in-original-imaex8mqw2yktath.jpeg?q=70,3120,32,3,Snapdragon,6
70,70,"Note 11 PRO Plus 5G (Stealth Black, 256 GB)",4.1,26290,https://rukminim2.flixcart.com/image/312/312/xif0q/mobile/j/l/e/-original-imagcqrqw5rwhguk.jpeg?q=70,5000,256,8,not mentioned,11
71,71,"Redmi 7A (Matte Gold, 16 GB)",4.3,6499,https://rukminim2.flixcart.com/image/312/312/k65d18w0pkrrdj/mobile-refurbished/f/a/x/redmi-7a-16-u-mzb7995in-mi-2-original-imafg27hgnkdfchm.jpeg?q=70,4000,16,2,Snapdragon439P,9
72,72,"Xiaomi 11T Pro 5G Hyperphone (Celestial Magic, 256 GB)",4.2,-13546,https://rukminim2.flixcart.com/image/312/312/kynb6vk0/mobile/s/5/g/11t-pro-5g-11t-mi-original-imagatzzzpffbhgb.jpeg?q=70,5000,256,12,not mentioned,11
73,73,"Redmi 7A (Matte Blue, 16 GB)",4.3,6499,https://rukminim2.flixcart.com/image/312/312/k65d18w0pkrrdj/mobile-refurbished/t/h/b/redmi-7a-16-a-mzb7799in-mi-2-original-imafg27hramfktfs.jpeg?q=70,4000,16,2,Snapdragon439P,9
74,74,"REDMI 10A (CHARCOAL BLACK, 128 GB)",4.1,11999,https://rukminim2.flixcart.com/image/312/312/xif0q/mobile/a/3/q/-original-imagdrghswubhh2p.jpeg?q=70,5000,128,6,not mentioned,12
75,75,"Redmi 7A (Matte Black, 16 GB)",4.3,6499,https://rukminim2.flixcart.com/image/312/312/k65d18w0pkrrdj/mobile-refurbished/m/j/w/redmi-7a-32-d-mzb7800in-mi-2-original-imafg27hkgpkhsdy.jpeg?q=70,4000,16,2,Snapdragon439P,9
76,76,"Redmi 4A (Gold, 32 GB)",4.4,6999,https://rukminim2.flixcart.com/image/312/312/j6wi0sw0/mobile/d/6/n/mi-redmi-4a-mzb5602in-original-imaex8mpswmhes6x.jpeg?q=70,3120,32,3,Snapdragon,6
77,77,"Redmi Note 6 Pro (Blue, 64 GB)",4.5,15999,https://rukminim2.flixcart.com/image/312/312/josxlzk0/mobile/y/j/j/mi-redmi-note-6-pro-mzb6882in-original-imafb6npun9zvqbk.jpeg?q=70,4000,64,4,Snapdragon636P,8
78,78,"REDMI Note 11 Pro (Star blue, 128 GB)",4.2,20829,https://rukminim2.flixcart.com/image/312/312/xif0q/mobile/k/7/p/-original-imagcvhfpjq25hdr.jpeg?q=70,5000,128,6,not mentioned,11
79,79,"REDMI Note 11 Pro (Phantom White, 128 GB)",4.2,19990,https://rukminim2.flixcart.com/image/312/312/xif0q/mobile/z/d/c/-original-imagcvhxubttxe7r.jpeg?q=70,5000,128,6,not mentioned,11
80,80,"Mi 10T (Lunar Silver, 128 GB)",4.1,27990,https://rukminim2.flixcart.com/image/312/312/kg6vfrk0/mobile/8/y/a/mi-10t-mzb07zcin-original-imafwhccy8hynwp6.jpeg?q=70,5000,128,8,Snapdragon865P,10
81,81,"Mi 11X (Cosmic Black, 128 GB)",4.2,23990,https://rukminim2.flixcart.com/image/312/312/xif0q/mobile/g/q/q/-original-imaggcz6fyt9yayh.jpeg?q=70,4520,128,6,Snapdragon870P,11
82,82,"Xiaomi 11T Pro 5G Hyperphone (Moonlight White, 256 GB)",4.0,31999,https://rukminim2.flixcart.com/image/312/312/kyoqmq80/mobile/f/m/b/11t-pro-5g-11t-mi-original-imagauz3cr3wzrhg.jpeg?q=70,5000,256,8,not mentioned,11
83,83,"REDMI Note 11T 5G (Matte black, 64 GB)",4.2,17990,https://rukminim2.flixcart.com/image/312/312/xif0q/mobile/e/k/o/-original-imag9g3hxujubg8g.jpeg?q=70,5000,64,6,not mentioned,11
84,84,"Redmi Note 7 (Ruby Red, 32 GB)",4.4,12999,https://rukminim2.flixcart.com/image/312/312/k2tc1ow0pkrrdj/mobile-refurbished/f/p/s/redmi-note-7s-32-b-mzb7746in-mi-3-original-imafe48pmu5q6ygz.jpeg?q=70,4000,32,3,Snapdragon,9
85,85,"Redmi 8A Dual (Midnight Grey, 32 GB)",4.2,8999,https://rukminim2.flixcart.com/image/312/312/k6tniq80/mobile/u/d/h/mi-redmi-8a-dual-b07x1kta-original-imafp73grqyzv9t3.jpeg?q=70,5000,32,3,Snapdragon439P,9
86,86,"Mi 11X (Cosmic Black, 128 GB)",4.2,23990,https://rukminim2.flixcart.com/image/312/312/xif0q/mobile/g/q/q/-original-imaggcz6fyt9yayh.jpeg?q=70,4520,128,6,not mentioned,11
87,87,"Xiaomi 11T Pro 5G Hyperphone (Celestial Magic, 256 GB)",4.0,30999,https://rukminim2.flixcart.com/image/312/312/kynb6vk0/mobile/s/5/g/11t-pro-5g-11t-mi-original-imagatzzzpffbhgb.jpeg?q=70,5000,256,8,not mentioned,11
88,88,"Redmi Note 7S (Ruby Red, 64 GB)",4.4,13999,https://rukminim2.flixcart.com/image/312/312/k2tc1ow0pkrrdj/mobile-refurbished/f/p/s/redmi-note-7s-32-b-mzb7746in-mi-3-original-imafe48pmu5q6ygz.jpeg?q=70,4000,64,4,Snapdragon,9
89,89,"Redmi Note 5 (Gold, 64 GB)",4.4,11999,https://rukminim2.flixcart.com/image/312/312/jdkjzww0/mobile/d/y/b/redmi-note-5-mzb5917in-original-imaf2g8zwrmywhqq.jpeg?q=70,4000,64,4,Snapdragon625P,7
90,90,"Redmi Note 7S (Onyx Black, 64 GB)",4.4,13999,https://rukminim2.flixcart.com/image/312/312/k3xcdjk0pkrrdj/mobile-refurbished/q/d/5/redmi-note-7s-32-u-mzb7744in-mi-3-original-imafe48yggp2za54.jpeg?q=70,4000,64,4,Snapdragon,9
91,91,"Redmi 8A (Ocean Blue, 32 GB)",4.4,7999,https://rukminim2.flixcart.com/image/312/312/k0y6cnk0/mobile/u/e/p/mi-redmi-8a-mzb8458in-original-imafkmhycvhcsrzm.jpeg?q=70,5000,32,2,Snapdragon439P,9
92,92,"Xiaomi 11i 5G (Stealth Black, 128 GB)",4.2,26999,https://rukminim2.flixcart.com/image/312/312/ky7lci80/mobile/4/n/d/-original-imagag2gdzpdfsdf.jpeg?q=70,5160,128,8,Dimensity920P,11
93,93,"Redmi 8 (Emerald Green, 64 GB)",4.4,10999,https://rukminim2.flixcart.com/image/312/312/k1fbmvk0/mobile/9/e/m/mi-redmi-8-mzb8252in-original-imafhyacczv2h27n.jpeg?q=70,5000,64,4,Snapdragon439P,9
94,94,"Redmi Note 7S (Sapphire Blue, 64 GB)",4.4,13999,https://rukminim2.flixcart.com/image/312/312/k3xcdjk0pkrrdj/mobile-refurbished/5/w/6/redmi-note-7s-32-a-mzb7745in-mi-3-original-imafe48ru3s66sjd.jpeg?q=70,4000,64,4,Snapdragon,9
95,95,"Mi 11X Pro 5G (Cosmic Black, 128 GB)",4.0,28999,https://rukminim2.flixcart.com/image/312/312/kox8b680/mobile/q/u/g/11x-pro-5g-11x-pro-mi-original-imag39qh8v7cw35h.jpeg?q=70,4520,128,8,Snapdragon888P,11
96,96,"Mi 11X Pro 5G (Celestial Silver, 128 GB)",4.0,27990,https://rukminim2.flixcart.com/image/312/312/kox8b680/mobile/u/c/f/11x-pro-5g-11x-pro-mi-original-imag39qgfzbdaqtg.jpeg?q=70,4520,128,8,Snapdragon888P,11
97,97,"Redmi 8A (Midnight Black, 32 GB)",4.4,7999,https://rukminim2.flixcart.com/image/312/312/k12go7k0/mobile/8/e/b/mi-redmi-8a-mzb8298in-original-imafkmhqztfbabww.jpeg?q=70,5000,32,2,Snapdragon439P,9
98,98,"Redmi Note 5 (Rose Gold, 64 GB)",4.4,11999,https://rukminim2.flixcart.com/image/312/312/jdkjzww0/mobile/h/p/a/redmi-note-5-mzb5918in-original-imaf2g8zyhxc4bxy.jpeg?q=70,4000,64,4,Snapdragon625P,7
99,99,"Redmi Note 7 (Sapphire Blue, 64 GB)",4.5,14999,https://rukminim2.flixcart.com/image/312/312/k3xcdjk0pkrrdj/mobile-refurbished/5/w/6/redmi-note-7s-32-a-mzb7745in-mi-3-original-imafe48ru3s66sjd.jpeg?q=70,4000,64,4,Snapdragon,9
100,100,"Redmi K20 (Carbon Black, 64 GB)",4.5,22999,https://rukminim2.flixcart.com/image/312/312/jxz0brk0/mobile/7/b/a/redmi-k20-na-original-imafgb4xesjtrzuu.jpeg?q=70,4000,64,6,Snapdragon730P,9
101,101,"Mi 10T (Lunar Silver, 128 GB)",4.2,26990,https://rukminim2.flixcart.com/image/312/312/kg6vfrk0/mobile/8/y/a/mi-10t-mzb07zcin-original-imafwhccy8hynwp6.jpeg?q=70,5000,128,6,Snapdragon865P,10
102,102,"Xiaomi 11Lite NE (Diamond Dazzle, 128 GB)",4.2,23999,https://rukminim2.flixcart.com/image/312/312/xif0q/mobile/i/k/u/-original-imag7f6centfwcbz.jpeg?q=70,4250,128,6,Snapdragon778G,11
103,103,"Redmi Y2 (Blue, 32 GB)",4.5,10499,https://rukminim2.flixcart.com/image/312/312/jn4x47k0/mobile/y/y/h/mi-redmi-y2-y2-original-imaf9vyzpfsvchmp.jpeg?q=70,3080,32,3,Snapdragon625P,8
104,104,"Redmi Y2 (Gold, 32 GB)",4.5,10499,https://rukminim2.flixcart.com/image/312/312/jklgxow0/mobile/w/k/y/mi-y2-y2-original-imaf7wzyzkvabay2.jpeg?q=70,3080,32,3,Snapdragon625P,8
105,105,"Xiaomi 11T Pro 5G Hyperphone (Celestial Magic, 128 GB)",4.0,31990,https://rukminim2.flixcart.com/image/312/312/kynb6vk0/mobile/s/5/g/11t-pro-5g-11t-mi-original-imagatzzzpffbhgb.jpeg?q=70,5000,128,8,not mentioned,11
106,106,"Mi 11 Lite (Jazz Blue, 128 GB)",4.2,21999,https://rukminim2.flixcart.com/image/312/312/kq6yefk0/mobile/i/w/m/11-lite-m2101k9ai-mi-original-imag496gkgqjrvvg.jpeg?q=70,4250,128,6,Snapdragon732G,11
107,107,"Redmi Note 5 Pro (Gold, 64 GB)",4.5,14999,https://rukminim2.flixcart.com/image/312/312/jdkjzww0/mobile/y/q/m/redmi-note-5-pro-mzb6084in-original-imaf2g8zj6y5vkqn.jpeg?q=70,4000,64,4,Snapdragon636P,7
108,108,"Redmi K20 Pro (Flame Red, 256 GB)",4.5,31999,https://rukminim2.flixcart.com/image/312/312/jxz0brk0/mobile/m/6/z/redmi-k20-pro-na-original-imafgb4yzvmbfewa.jpeg?q=70,4000,256,8,Snapdragon855P,9
109,109,"Redmi 3S Prime (Gold, 32 GB)",4.3,8999,https://rukminim2.flixcart.com/image/312/312/mobile/w/g/z/mi-redmi-3s-prime-na-original-imaeh6beckzjqeza.jpeg?q=70,4100,32,3,Snapdragon4G,6
110,110,"Redmi Note 5 (Rose Gold, 32 GB)",4.4,10999,https://rukminim2.flixcart.com/image/312/312/jdkjzww0/mobile/h/p/a/redmi-note-5-mzb5918in-original-imaf2g8zyhxc4bxy.jpeg?q=70,4000,32,3,Snapdragon625P,7
111,111,"Redmi 8A (Ocean Blue, 32 GB)",4.4,8999,https://rukminim2.flixcart.com/image/312/312/k0y6cnk0/mobile/u/e/p/mi-redmi-8a-mzb8458in-original-imafkmhycvhcsrzm.jpeg?q=70,5000,32,3,Snapdragon439P,9
112,112,"Redmi K20 (Flame Red, 128 GB)",4.5,24999,https://rukminim2.flixcart.com/image/312/312/jxz0brk0/mobile/x/f/u/redmi-k20-na-original-imafgb4y5rfbvg8t.jpeg?q=70,4000,128,6,Snapdragon730P,9
113,113,"Redmi Note 9 Pro (Glacier White, 128 GB)",4.3,15999,https://rukminim2.flixcart.com/image/312/312/kcdp5zk0/mobile/6/e/k/mi-redmi-note-9-pro-mzb9105in-original-imaftgy6gwe9vnqr.jpeg?q=70,5020,128,4,not mentioned,10
114,114,"Redmi 9A Sport (Carbon Black, 32 GB)",4.1,7090,https://rukminim2.flixcart.com/image/312/312/xif0q/mobile/j/l/n/-original-imag7chjvhxdhhyh.jpeg?q=70,5000,32,2,not mentioned,10
115,115,"Redmi 10 Prime (Astral White, 128 GB)",4.1,13495,https://rukminim2.flixcart.com/image/312/312/ktbu6q80/mobile/x/e/t/10-prime-10-redmi-original-imag6paxhggdnsjz.jpeg?q=70,6000,128,6,not mentioned,11
116,116,"Redmi K20 (Flame Red, 64 GB)",4.5,17990,https://rukminim2.flixcart.com/image/312/312/jxz0brk0/mobile/x/f/u/redmi-k20-na-original-imafgb4y5rfbvg8t.jpeg?q=70,4000,64,6,Snapdragon730P,9
117,117,"Redmi Note 5 (Black, 64 GB)",4.4,11999,https://rukminim2.flixcart.com/image/312/312/jdkjzww0/mobile/u/y/j/redmi-note-5-mzb5916in-original-imaf2gabuvmuhvrz.jpeg?q=70,4000,64,4,Snapdragon625P,7
118,118,"Redmi K20 (Carbon Black, 128 GB)",4.5,24999,https://rukminim2.flixcart.com/image/312/312/jxz0brk0/mobile/7/b/a/redmi-k20-na-original-imafgb4xesjtrzuu.jpeg?q=70,4000,128,6,Snapdragon730P,9
119,119,"Redmi K20 (Pearl White, 128 GB)",4.5,24999,https://rukminim2.flixcart.com/image/312/312/k186fm80/mobile/7/m/q/mi-redmi-k20-mzb8194in-original-imafkudxngxjdctx.jpeg?q=70,4000,128,6,Snapdragon730P,9
120,120,"Redmi Note 6 Pro (Black, 64 GB)",4.5,17999,https://rukminim2.flixcart.com/image/312/312/jog2nbk0/mobile/e/x/b/mi-redmi-e7t-na-original-imafazxdh2bd6hep.jpeg?q=70,4000,64,6,Snapdragon636P,8
121,121,"Redmi K20 (Glacier Blue, 128 GB)",4.5,24999,https://rukminim2.flixcart.com/image/312/312/jxz0brk0/mobile/9/a/k/redmi-k20-na-original-imafgb4xpxutp86a.jpeg?q=70,4000,128,6,Snapdragon730P,9
122,122,"Mi A2 (Black, 64 GB)",4.2,17499,https://rukminim2.flixcart.com/image/312/312/jrjizrk0/mobile/q/9/r/mi-a2-a2-original-imaf8zwaxz8hh5mx.jpeg?q=70,3010,64,4,Snapdragon,8
123,123,"Redmi 6 (Gold, 64 GB)",4.4,10499,https://rukminim2.flixcart.com/image/312/312/jlo1tow0/mobile/g/v/x/mi-redmi-6-na-original-imaf8qtkgh6qhs3p.jpeg?q=70,3000,64,3,not mentioned,8
124,124,"Redmi Note 7S (Moonlight White, 64 GB)",4.4,13999,https://rukminim2.flixcart.com/image/312/312/k51cpe80pkrrdj/mobile/y/p/w/mi-redmi-note-7s-mzb8007in-original-imafj36gn3qw2kvt.jpeg?q=70,4000,64,4,Snapdragon,9
125,125,"Redmi Note 7 Pro (Nebula Red, 64 GB)",4.5,16999,https://rukminim2.flixcart.com/image/312/312/k0lbdzk0pkrrdj/mobile/y/m/h/mi-redmi-note-7-pro-mzb7466in-original-imafhvrdxeueacku.jpeg?q=70,4000,64,6,Snapdragon675P,9
126,126,"Redmi Note 7 Pro (Space Black, 128 GB)",4.5,16999,https://rukminim2.flixcart.com/image/312/312/jskofww0/mobile/y/h/u/mi-redmi-note-7-pro-na-original-imafe4b62yeycjfq.jpeg?q=70,4000,128,6,Snapdragon675P,9
127,127,"Mi A1 (Black, 64 GB)",4.4,14599,https://rukminim2.flixcart.com/image/312/312/j752nww0/mobile/h/e/t/mi-mi-a1-na-original-imaexg9njdddfphr.jpeg?q=70,3080,64,4,Snapdragon2G,7
128,128,"Mi 11X Pro 5G (Lunar White, 256 GB)",4.0,-25537,https://rukminim2.flixcart.com/image/312/312/kox8b680/mobile/r/z/z/11x-pro-5g-11x-pro-mi-original-imag39qjujuhjerp.jpeg?q=70,4520,256,8,Snapdragon888P,11
129,129,"MI4 (White, 16 GB)",4.1,14999,https://rukminim2.flixcart.com/image/312/312/mobile/3/q/h/mi-mzb4239in-original-imae3z7uqh9gpypz.jpeg?q=70,3080,16,3,Snapdragon400P,4
130,130,"Redmi K20 (Glacier Blue, 64 GB)",4.5,22999,https://rukminim2.flixcart.com/image/312/312/jxz0brk0/mobile/9/a/k/redmi-k20-na-original-imafgb4xpxutp86a.jpeg?q=70,4000,64,6,Snapdragon730P,9
131,131,"Mi A3 (More Than White, 128 GB)",4.2,17499,https://rukminim2.flixcart.com/image/312/312/k4rcmfk0pkrrdj/mobile-refurbished/t/t/x/redmi-a3-128-u-mzb7978in-mi-6-original-imafny2n2qygagz5.jpeg?q=70,4030,128,6,Snapdragon665P,9
132,132,"Xiaomi 11i 5G (Camo Green, 128 GB)",4.2,24999,https://rukminim2.flixcart.com/image/312/312/ky7lci80/mobile/i/w/n/-original-imagag2gugrdkbwu.jpeg?q=70,5160,128,6,Dimensity920P,11
133,133,"Redmi 6 (Blue, 64 GB)",4.4,10499,https://rukminim2.flixcart.com/image/312/312/jmkwya80/mobile/k/a/z/mi-redmi-6-na-original-imaf9gmdzvy9gznd.jpeg?q=70,3000,64,3,not mentioned,8
134,134,"Mi Mix 2 (Black, 128 GB)",4.3,-27537,https://rukminim2.flixcart.com/image/312/312/j8bxvgw0-1/mobile/g/j/z/mi-mi-mix-2-na-original-imaeydgnjzmvxwfz.jpeg?q=70,3400,128,6,Snapdragon,7
135,135,"Redmi 6 (Black, 64 GB)",4.4,10499,https://rukminim2.flixcart.com/image/312/312/jndhrbk0/mobile/n/h/j/mi-redmi-6-na-original-imafa2z2jfaky6bf.jpeg?q=70,3000,64,3,not mentioned,8
136,136,"Redmi Note 6 Pro (Rose Gold, 64 GB)",4.5,15999,https://rukminim2.flixcart.com/image/312/312/xif0q/mobile/u/m/n/redmi-note-6-pro-m1806e7ti-mi806e7ti-mi-original-imafbydzyukyqjxh.jpeg?q=70,4000,64,4,Snapdragon636P,8
137,137,"Redmi Note 11 PRO Plus 5G (PHANTOM WHITE, 256 GB)",4.2,25999,https://rukminim2.flixcart.com/image/312/312/xif0q/mobile/b/u/p/-original-imagd7gszvwcsmgr.jpeg?q=70,5000,256,8,not mentioned,11
138,138,"Redmi Note 4 (Dark Grey, 64 GB)",4.4,12749,https://rukminim2.flixcart.com/image/312/312/mobile/9/8/z/mi-redmi-note-4-na-original-imaeqdxjuadhagfc.jpeg?q=70,4100,64,4,Snapdragon2G,6
139,139,"11 Lite NE (Jazz Blue, 128 GB)",4.0,22890,https://rukminim2.flixcart.com/image/312/312/xif0q/mobile/o/8/j/-original-imaggcz6qkeffskx.jpeg?q=70,4250,128,8,not mentioned,11
140,140,"Redmi Note 5 (Gold, 32 GB)",4.4,10999,https://rukminim2.flixcart.com/image/312/312/jdkjzww0/mobile/f/w/5/redmi-note-5-mzb5913in-original-imaf2g8zntrqxwzj.jpeg?q=70,4000,32,3,Snapdragon625P,7
141,141,"Redmi 5A (Rose Gold, 32 GB)",4.4,6999,https://rukminim2.flixcart.com/image/312/312/jaij3bk0/mobile/h/a/7/mi-redmi-5a-c3b-original-imafy2gffsvxqbhy.jpeg?q=70,3000,32,3,Snapdragon425P,7
142,142,"Redmi 5A (Gold, 32 GB)",4.4,6999,https://rukminim2.flixcart.com/image/312/312/jaij3bk0/mobile/f/x/h/mi-redmi-5a-c3b-original-imafy2gfpyybwyyd.jpeg?q=70,3000,32,3,Snapdragon425P,7
143,143,"Redmi 5A (Grey, 32 GB)",4.4,6999,https://rukminim2.flixcart.com/image/312/312/jaij3bk0/mobile/p/h/d/mi-redmi-5a-c3b-original-imafy2gfd8byvqyf.jpeg?q=70,3000,32,3,Snapdragon425P,7
144,144,"Redmi Note 5 Pro (Black, 64 GB)",4.5,16999,https://rukminim2.flixcart.com/image/312/312/jdhp47k0/mobile/e/h/e/redmi-note-5-pro-na-original-imaf2ashnnbxxks5.jpeg?q=70,4000,64,6,Snapdragon636P,7
145,145,"Redmi 5A (Grey, 16 GB)",4.5,5999,https://rukminim2.flixcart.com/image/312/312/jaij3bk0/mobile/p/h/d/mi-redmi-5a-c3b-original-imafy2gfd8byvqyf.jpeg?q=70,3000,16,2,Snapdragon425P,7
146,146,"Redmi 6 (Rose Gold, 64 GB)",4.4,10499,https://rukminim2.flixcart.com/image/312/312/jmkwya80/mobile/w/h/j/mi-redmi-6-na-original-imaf9gmdbuyhkwkw.jpeg?q=70,3000,64,3,not mentioned,8
147,147,"Redmi 5A (Blue, 16 GB)",4.5,5999,https://rukminim2.flixcart.com/image/312/312/jefzonk0/mobile/k/w/g/mi-redmi-5a-mci3b-original-imaf34ccfrfsrhrr.jpeg?q=70,3000,16,2,Snapdragon425P,7
148,148,"Redmi 5A (Gold, 16 GB)",4.5,5999,https://rukminim2.flixcart.com/image/312/312/jaij3bk0/mobile/f/x/h/mi-redmi-5a-c3b-original-imafy2gfpyybwyyd.jpeg?q=70,3000,16,2,Snapdragon425P,7
149,149,"Redmi K20 Pro (Glacier Blue, 256 GB)",4.5,31999,https://rukminim2.flixcart.com/image/312/312/jxz0brk0/mobile/w/s/r/redmi-k20-pro-na-original-imafgb4ye45dtzvf.jpeg?q=70,4000,256,8,Snapdragon855P,9
150,150,"Redmi Note 5 Pro (Black, 64 GB)",4.5,14999,https://rukminim2.flixcart.com/image/312/312/jdhp47k0/mobile/e/h/e/redmi-note-5-pro-na-original-imaf2ashnnbxxks5.jpeg?q=70,4000,64,4,Snapdragon636P,7
151,151,"Redmi Note 4 (Gold, 64 GB)",4.4,12749,https://rukminim2.flixcart.com/image/312/312/mobile/y/u/a/mi-redmi-note-4-na-original-imaeqdxgrdhxgkcx.jpeg?q=70,4100,64,4,Snapdragon2G,6
152,152,"Redmi Note 4 (Black, 64 GB)",4.4,12749,https://rukminim2.flixcart.com/image/312/312/mobile/f/d/5/mi-redmi-note-4-na-original-imaeqdxqcrfshtqu.jpeg?q=70,4100,64,4,Snapdragon2G,6
153,153,"Redmi Note 5 Pro (Lake Blue, 64 GB)",4.5,14999,https://rukminim2.flixcart.com/image/312/312/jgy0fbk0/mobile/q/m/c/mi-redmi-note-5-pro-mzb6081in-mzb6089in-original-imaf52hhf3yy5bg8.jpeg?q=70,4000,64,4,Snapdragon636P,7
154,154,"Redmi Note 7 (Onyx Black, 32 GB)",4.4,12999,https://rukminim2.flixcart.com/image/312/312/k3xcdjk0pkrrdj/mobile-refurbished/q/d/5/redmi-note-7s-32-u-mzb7744in-mi-3-original-imafe48yggp2za54.jpeg?q=70,4000,32,3,Snapdragon,9
155,155,"Redmi Note 8 (Cosmic Purple, 64 GB)",4.4,12999,https://rukminim2.flixcart.com/image/312/312/k65d18w0pkrrdj/mobile/u/r/b/mi-redmi-note-8-m1908c3ji-original-imafnyg5ve4fjnaf.jpeg?q=70,4000,64,4,Snapdragon665P,9
156,156,"Redmi Note 5 Pro (Red, 64 GB)",4.5,16999,https://rukminim2.flixcart.com/image/312/312/jmp79u80/mobile/f/h/c/mi-redmi-note-5-pro-na-original-imaf9jrymkc6vbxa.jpeg?q=70,4000,64,6,Snapdragon636P,7
157,157,"Redmi Note 7 (Ruby Red, 64 GB)",4.5,14999,https://rukminim2.flixcart.com/image/312/312/k2tc1ow0pkrrdj/mobile-refurbished/f/p/s/redmi-note-7s-32-b-mzb7746in-mi-3-original-imafe48pmu5q6ygz.jpeg?q=70,4000,64,4,Snapdragon,9
158,158,"Redmi Note 8 (Space Black, 64 GB)",4.4,12999,https://rukminim2.flixcart.com/image/312/312/k5lcvbk0pkrrdj/mobile-refurbished/y/9/k/redmi-note-8-32-a-redmi-note-8-mi-3-original-imafhgpsesjkpfha.jpeg?q=70,4000,64,4,Snapdragon665P,9
159,159,"Mi A1 (Gold, 64 GB)",4.4,14599,https://rukminim2.flixcart.com/image/312/312/j752nww0/mobile/x/u/z/mi-mi-a1-na-original-imaexg9z4fmxk8ns.jpeg?q=70,3080,64,4,Snapdragon2G,7
160,160,"Redmi K20 Pro (Flame Red, 128 GB)",4.5,28999,https://rukminim2.flixcart.com/image/312/312/jxz0brk0/mobile/m/6/z/redmi-k20-pro-na-original-imafgb4yzvmbfewa.jpeg?q=70,4000,128,6,Snapdragon855P,9
161,161,"Redmi Note 7 Pro (Neptune Blue, 64 GB)",4.5,16999,https://rukminim2.flixcart.com/image/312/312/k0lbdzk0pkrrdj/mobile/q/t/v/mi-redmi-note-7-pro-mzb7467in-original-imafhvrd6mbtyaax.jpeg?q=70,4000,64,6,Snapdragon675P,9
162,162,"Redmi Note 5 Pro (Blue, 64 GB)",4.5,16999,https://rukminim2.flixcart.com/image/312/312/jdkjzww0/mobile/q/m/c/redmi-note-5-pro-mzb6081in-original-imaf2g8zsrsupzfe.jpeg?q=70,4000,64,6,Snapdragon636P,7
163,163,"Redmi Note 4 (Black, 32 GB)",4.4,10649,https://rukminim2.flixcart.com/image/312/312/mobile/f/d/5/mi-redmi-note-4-na-original-imaeqdxqcrfshtqu.jpeg?q=70,4100,32,3,Snapdragon2G,6
164,164,"Redmi Note 7 (Sapphire Blue, 32 GB)",4.4,10499,https://rukminim2.flixcart.com/image/312/312/k3xcdjk0pkrrdj/mobile-refurbished/5/w/6/redmi-note-7s-32-a-mzb7745in-mi-3-original-imafe48ru3s66sjd.jpeg?q=70,4000,32,3,Snapdragon,9
165,165,"Redmi Note 7 Pro (Space Black, 64 GB)",4.5,16999,https://rukminim2.flixcart.com/image/312/312/k0lbdzk0pkrrdj/mobile/z/j/a/mi-redmi-note-7-pro-mzb7465in-original-imafhvrdmeyweauc.jpeg?q=70,4000,64,6,Snapdragon675P,9
166,166,"Redmi K20 Pro (Glacier Blue, 128 GB)",4.5,28999,https://rukminim2.flixcart.com/image/312/312/jxz0brk0/mobile/w/s/r/redmi-k20-pro-na-original-imafgb4ye45dtzvf.jpeg?q=70,4000,128,6,Snapdragon855P,9
167,167,"Redmi Note 8 (Neptune Blue, 64 GB)",4.4,12999,https://rukminim2.flixcart.com/image/312/312/k5lcvbk0pkrrdj/mobile-refurbished/b/9/w/redmi-note-8-64-a-m1908c3ji-mi-4-original-imafhgpphwztnchc.jpeg?q=70,4000,64,4,Snapdragon665P,9
168,168,"Redmi Note 7 Pro (Nebula Red, 64 GB)",4.5,15999,https://rukminim2.flixcart.com/image/312/312/jskofww0/mobile/3/u/t/mi-redmi-note-7-pro-na-original-imafe4bddnr7n5vb.jpeg?q=70,4000,64,4,Snapdragon675P,9
169,169,"Redmi Note 7 Pro (Space Black, 64 GB)",4.5,15999,https://rukminim2.flixcart.com/image/312/312/jskofww0/mobile/y/h/u/mi-redmi-note-7-pro-na-original-imafe4b62yeycjfq.jpeg?q=70,4000,64,4,Snapdragon675P,9
170,170,"Redmi Note 7 Pro (Blue, 64 GB)",4.5,15999,https://rukminim2.flixcart.com/image/312/312/jt641ow0/mobile/d/w/k/mi-redmi-note-7-pro-na-original-imafe4bbyfppbnuu.jpeg?q=70,4000,64,4,Snapdragon675P,9
171,171,"REDMI 11 Prime (Flashy Black, 128 GB)",4.4,10749,https://rukminim2.flixcart.com/image/312/312/xif0q/mobile/k/h/z/11-prime-mzb0cerin-redmi-original-imagzqvrgdz98jch.jpeg?q=70,5000,128,6,Heilo99P,12
172,172,"REDMI 11 Prime (Peppy Purple, 128 GB)",4.4,10749,https://rukminim2.flixcart.com/image/312/312/xif0q/mobile/m/m/3/11-prime-mzb0ceoin-redmi-original-imagzqvrz4mvf6tx.jpeg?q=70,5000,128,6,Heilo99P,12
173,173,"REDMI 11 Prime (Playful Green, 128 GB)",4.4,10749,https://rukminim2.flixcart.com/image/312/312/xif0q/mobile/m/p/m/11-prime-mzb0cepin-redmi-original-imagzqvrhmzjeedx.jpeg?q=70,5000,128,6,Heilo99P,12
174,174,"REDMI A1+ (Black, 32 GB)",4.1,6599,https://rukminim2.flixcart.com/image/312/312/xif0q/mobile/p/a/4/-original-imagjyhymqnhz7fm.jpeg?q=70,5000,32,3,Heilo22P,22
175,175,"REDMI 10 (Caribbean Green, 128 GB)",4.2,10999,https://rukminim2.flixcart.com/image/312/312/xif0q/mobile/g/p/x/-original-imagk4nz54s7a7rf.jpeg?q=70,6000,128,6,Snapdragon680P,11
176,176,"REDMI A1+ (Black, 32 GB)",4.2,6299,https://rukminim2.flixcart.com/image/312/312/xif0q/mobile/p/a/4/-original-imagjyhymqnhz7fm.jpeg?q=70,5000,32,2,Heilo22P,22
177,177,"REDMI A1+ (Light Blue, 32 GB)",4.1,6599,https://rukminim2.flixcart.com/image/312/312/xif0q/mobile/9/j/r/-original-imagjyhyaf7tdxnc.jpeg?q=70,5000,32,3,Heilo22P,22
178,178,"REDMI A1+ (Light Green, 32 GB)",4.1,6599,https://rukminim2.flixcart.com/image/312/312/xif0q/mobile/a/9/b/-original-imagjyhyrgdtnjjy.jpeg?q=70,5000,32,3,Heilo22P,22
179,179,"REDMI Note 12 (Ice Blue, 64 GB)",4.1,13999,https://rukminim2.flixcart.com/image/312/312/xif0q/mobile/u/t/5/note-12-mzb0e2kin-redmi-original-imagz62rkfazphz2.jpeg?q=70,5000,64,6,Snapdragon685P,13
180,180,"REDMI A1+ (Light Green, 32 GB)",4.2,6299,https://rukminim2.flixcart.com/image/312/312/xif0q/mobile/a/9/b/-original-imagjyhyrgdtnjjy.jpeg?q=70,5000,32,2,Heilo22P,22
181,181,"REDMI Note 12 (Sunrise Gold, 64 GB)",4.1,13999,https://rukminim2.flixcart.com/image/312/312/xif0q/mobile/s/2/z/note-12-mzb0e6fin-redmi-original-imagz62gzggajgz4.jpeg?q=70,5000,64,6,Snapdragon685P,13
182,182,"REDMI A1+ (Light Blue, 32 GB)",4.2,6299,https://rukminim2.flixcart.com/image/312/312/xif0q/mobile/9/j/r/-original-imagjyhyaf7tdxnc.jpeg?q=70,5000,32,2,Heilo22P,22
183,183,"REDMI 11 Prime (Flashy Black, 64 GB)",4.3,9999,https://rukminim2.flixcart.com/image/312/312/xif0q/mobile/k/h/z/11-prime-mzb0cerin-redmi-original-imagzqvrgdz98jch.jpeg?q=70,5000,64,4,Heilo99P,12
184,184,"REDMI 11 Prime (Peppy Purple, 64 GB)",4.3,9999,https://rukminim2.flixcart.com/image/312/312/xif0q/mobile/m/m/3/11-prime-mzb0ceoin-redmi-original-imagzqvrz4mvf6tx.jpeg?q=70,5000,64,4,Heilo99P,12
185,185,"REDMI 10 (Sunrise Orange, 64 GB)",4.3,9999,https://rukminim2.flixcart.com/image/312/312/xif0q/mobile/n/c/s/-original-imagndzzsrf3r9g8.jpeg?q=70,6000,64,4,Snapdragon680P,11
186,186,"REDMI Note 12 Pro 5G (Stardust Purple, 128 GB)",4.2,24999,https://rukminim2.flixcart.com/image/312/312/xif0q/mobile/r/o/o/-original-imaghkvuzxkcna4n.jpeg?q=70,5000,128,8,Dimensity1080P,12
187,187,"REDMI Note 12 5G (Mystique Blue, 128 GB)",4.1,18999,https://rukminim2.flixcart.com/image/312/312/xif0q/mobile/0/g/w/note-12-5g-mzb0eiain-redmi-original-imagpgr9ngapjhxq.jpeg?q=70,5000,128,6,Gen4,12
188,188,"REDMI Note 12 (Lunar Black, 64 GB)",4.1,13999,https://rukminim2.flixcart.com/image/312/312/xif0q/mobile/v/l/n/note-12-mzb0e2oin-redmi-original-imagz62ukgxzczzv.jpeg?q=70,5000,64,6,Snapdragon685P,13
189,189,"REDMI Note 12 Pro 5G (Stardust Purple, 128 GB)",4.2,23999,https://rukminim2.flixcart.com/image/312/312/xif0q/mobile/r/o/o/-original-imaghkvuzxkcna4n.jpeg?q=70,5000,128,6,Dimensity1080P,12
190,190,"REDMI Note 12 5G (Matte Black, 128 GB)",4.0,16999,https://rukminim2.flixcart.com/image/312/312/xif0q/mobile/z/1/q/-original-imaghsd2eqryyjry.jpeg?q=70,5000,128,4,Gen4,12
191,191,"REDMI Note 12 5G (Frosted Green, 128 GB)",4.1,18999,https://rukminim2.flixcart.com/image/312/312/xif0q/mobile/m/r/i/note-12-5g-mzb0ei8in-redmi-original-imagpgr9gpmjjnwa.jpeg?q=70,5000,128,6,Gen4,12
192,192,"REDMI Note 12 5G (Matte Black, 128 GB)",4.1,18999,https://rukminim2.flixcart.com/image/312/312/xif0q/mobile/z/1/q/-original-imaghsd2eqryyjry.jpeg?q=70,5000,128,6,Gen4,12
193,193,"REDMI Note 12 Pro 5G (Glacier Blue, 128 GB)",4.2,23999,https://rukminim2.flixcart.com/image/312/312/xif0q/mobile/m/j/o/-original-imaghkvue4yjecju.jpeg?q=70,5000,128,6,Dimensity1080P,12
194,194,"REDMI Note 12 (Sunrise Gold, 128 GB)",4.1,15999,https://rukminim2.flixcart.com/image/312/312/xif0q/mobile/s/2/z/note-12-mzb0e6fin-redmi-original-imagz62gzggajgz4.jpeg?q=70,5000,128,6,Snapdragon685P,13
195,195,"REDMI K50i 5G (Stealth Black, 256 GB)",4.2,23999,https://rukminim2.flixcart.com/image/312/312/xif0q/mobile/2/s/g/-original-imagq35cvc36ahur.jpeg?q=70,5080,256,8,Dimensity8100P,12
196,196,"REDMI Note 12 (Lunar Black, 128 GB)",4.1,15999,https://rukminim2.flixcart.com/image/312/312/xif0q/mobile/v/l/n/note-12-mzb0e2oin-redmi-original-imagz62ukgxzczzv.jpeg?q=70,5000,128,6,Snapdragon685P,13
197,197,"REDMI Note 12 5G (Frosted Green, 128 GB)",4.0,16999,https://rukminim2.flixcart.com/image/312/312/xif0q/mobile/m/r/i/note-12-5g-mzb0ei8in-redmi-original-imagpgr9gpmjjnwa.jpeg?q=70,5000,128,4,Gen4,12
198,198,"REDMI Note 12 Pro 5G (Stardust Purple, 256 GB)",4.2,26999,https://rukminim2.flixcart.com/image/312/312/xif0q/mobile/r/o/o/-original-imaghkvuzxkcna4n.jpeg?q=70,5000,256,8,Dimensity1080P,12
199,199,"REDMI Note 12 Pro 5G (Onyx Black, 128 GB)",4.2,23999,https://rukminim2.flixcart.com/image/312/312/xif0q/mobile/b/r/f/-original-imaghkvuhzwge3za.jpeg?q=70,5000,128,6,Dimensity1080P,12
200,200,"REDMI Note 12 Pro 5G (Glacier Blue, 256 GB)",4.2,26999,https://rukminim2.flixcart.com/image/312/312/xif0q/mobile/m/j/o/-original-imaghkvue4yjecju.jpeg?q=70,5000,256,8,Dimensity1080P,12
201,201,"REDMI 10 (Shadow Black, 64 GB)",4.3,9999,https://rukminim2.flixcart.com/image/312/312/xif0q/mobile/q/g/a/-original-imagndzzegs4guek.jpeg?q=70,6000,64,4,Snapdragon680P,11
202,202,"REDMI Note 12 5G (Mystique Blue, 128 GB)",4.0,16999,https://rukminim2.flixcart.com/image/312/312/xif0q/mobile/0/g/w/note-12-5g-mzb0eiain-redmi-original-imagpgr9ngapjhxq.jpeg?q=70,5000,128,4,Gen4,12
203,203,"REDMI 10 (Pacific Blue, 128 GB)",4.2,10999,https://rukminim2.flixcart.com/image/312/312/xif0q/mobile/m/q/e/-original-imagk4nz6xgtexam.jpeg?q=70,6000,128,6,Snapdragon680P,11
204,204,"REDMI 12C (Mint Green, 64 GB)",4.2,8864,https://rukminim2.flixcart.com/image/312/312/xif0q/mobile/g/p/v/12c-22120rn86i-redmi-original-imagzeudapgcpedd.jpeg?q=70,5000,64,4,not mentioned,12
205,205,"REDMI 12C (Royal Blue, 64 GB)",4.2,8869,https://rukminim2.flixcart.com/image/312/312/xif0q/mobile/0/y/4/12c-22120rn86i-redmi-original-imagzeukysyvmtzu.jpeg?q=70,5000,64,4,not mentioned,12
206,206,"REDMI 12C (Lavender Purple, 64 GB)",4.2,8770,https://rukminim2.flixcart.com/image/312/312/xif0q/mobile/i/z/t/12c-22120rn86i-redmi-original-imagzeu8uqguykeh.jpeg?q=70,5000,64,4,not mentioned,12
207,207,"REDMI 11 Prime 5G (Thunder Black, 128 GB)",4.2,15295,https://rukminim2.flixcart.com/image/312/312/xif0q/mobile/m/5/m/-original-imagh5bzmwcx5xxv.jpeg?q=70,5000,128,6,not mentioned,12
208,208,"REDMI 11 Prime 5G (Thunder Black, 64 GB)",4.2,13485,https://rukminim2.flixcart.com/image/312/312/xif0q/mobile/c/u/c/-original-imagh5bzhgbtftvx.jpeg?q=70,5000,64,4,not mentioned,12
209,209,"REDMI Note 12 Pro 5G (Glacier Blue, 128 GB)",4.2,24999,https://rukminim2.flixcart.com/image/312/312/xif0q/mobile/m/j/o/-original-imaghkvue4yjecju.jpeg?q=70,5000,128,8,Dimensity1080P,12
210,210,"REDMI 10 Prime 2022 (Phantom Black, 64 GB)",4.2,11495,https://rukminim2.flixcart.com/image/312/312/l3dcl8w0/mobile/z/q/i/10-prime-21061119bi-redmi-original-imagegdrzhcxm54e.jpeg?q=70,6000,64,4,not mentioned,12
211,211,"Xiaomi 11i Hypercharge 5G (Camo Green, 128 GB)",4.2,28999,https://rukminim2.flixcart.com/image/312/312/ky7lci80/mobile/u/8/a/-original-imagagf66vugzwut.jpeg?q=70,4500,128,8,Dimensity920P,11
212,212,"Xiaomi 11T Pro 5G Hyperphone (Meteorite Black, 256 GB)",4.2,-26536,https://rukminim2.flixcart.com/image/312/312/kyoqmq80/mobile/p/u/j/11t-pro-5g-11t-mi-original-imagauzg78sgxy6h.jpeg?q=70,5000,256,12,not mentioned,11
213,213,"Redmi Note 11 PRO Plus 5G (Phantom White, 128 GB)",4.2,24899,https://rukminim2.flixcart.com/image/312/312/xif0q/mobile/b/u/p/-original-imagd7gszvwcsmgr.jpeg?q=70,5000,128,6,not mentioned,11
214,214,"Redmi Note 5 (Blue, 64 GB)",4.4,11990,https://rukminim2.flixcart.com/image/312/312/jdkjzww0/mobile/v/y/z/redmi-note-5-mzb5958in-original-imaf2g8zkfb4jpfc.jpeg?q=70,4000,64,4,Snapdragon625P,7
215,215,"REDMI Note 11 Pro (Stealth Black, 128 GB)",4.2,19979,https://rukminim2.flixcart.com/image/312/312/xif0q/mobile/m/0/c/-original-imagcvg4ghr3ykge.jpeg?q=70,5000,128,6,not mentioned,11
216,216,"Mi 11X Pro 5G (Celestial Silver, 256 GB)",4.0,30990,https://rukminim2.flixcart.com/image/312/312/kox8b680/mobile/u/c/f/11x-pro-5g-11x-pro-mi-original-imag39qgfzbdaqtg.jpeg?q=70,4520,256,8,Snapdragon888P,11
217,217,"Redmi Note 9 Pro (Interstellar Black, 128 GB)",4.3,16990,https://rukminim2.flixcart.com/image/312/312/kdqa4y80/screen-guard/screen-guard/h/z/e/marshland-gfg6765-original-imafukr7jybmbrrt.jpeg?q=70,5020,128,4,Snapdragon720G,10
218,218,"Mi A2 (Lake Blue, 128 GB)",4.1,20500,https://rukminim2.flixcart.com/image/312/312/jyxaw7k0/mobile/z/9/m/mi-mi-a2-mzb6440in-original-imaf9c7j9k2ygcby.jpeg?q=70,3010,128,6,Snapdragon,8
219,219,"Mi A2 (Blue/Lake Blue, 64 GB)",4.2,17499,https://rukminim2.flixcart.com/image/312/312/jyxaw7k0/mobile/z/9/m/mi-mi-a2-mzb6440in-original-imaf9c7j9k2ygcby.jpeg?q=70,3010,64,4,Snapdragon,8
220,220,"REDMI Note 12 (Ice Blue, 128 GB)",4.1,15999,https://rukminim2.flixcart.com/image/312/312/xif0q/mobile/u/t/5/note-12-mzb0e2kin-redmi-original-imagz62rkfazphz2.jpeg?q=70,5000,128,6,Snapdragon685P,13
221,221,"REDMI Note 12 Pro+ 5G (Obsidian Black, 256 GB)",4.2,29999,https://rukminim2.flixcart.com/image/312/312/xif0q/mobile/z/a/b/-original-imaghkvv2u8jxajh.jpeg?q=70,4980,256,8,Dimensity1080P,12
222,222,"REDMI 9 Activ (Coral Green, 128 GB)",4.2,9499,https://rukminim2.flixcart.com/image/312/312/xif0q/mobile/x/a/j/-original-imaghkmkghszpbz4.jpeg?q=70,5000,128,6,Heilo35P,11
223,223,"REDMI Note 12 Pro 5G (Onyx Black, 256 GB)",4.2,26999,https://rukminim2.flixcart.com/image/312/312/xif0q/mobile/b/r/f/-original-imaghkvuhzwge3za.jpeg?q=70,5000,256,8,Dimensity1080P,12
224,224,"REDMI K50i 5G (Quick Silver, 256 GB)",4.2,23999,https://rukminim2.flixcart.com/image/312/312/xif0q/mobile/b/d/e/-original-imagq35cjaxnyfdg.jpeg?q=70,5080,256,8,Dimensity8100P,12
225,225,"REDMI Note 11 (Horizon Blue, 64 GB)",4.2,12758,https://rukminim2.flixcart.com/image/312/312/xif0q/mobile/o/n/p/-original-imagbgaezsnhsmnf.jpeg?q=70,5000,64,4,not mentioned,11
226,226,"REDMI Note 11 (Horizon Blue, 128 GB)",4.2,14385,https://rukminim2.flixcart.com/image/312/312/xif0q/mobile/m/h/z/-original-imagbh7rzbvfgqex.jpeg?q=70,5000,128,6,not mentioned,11
227,227,"REDMI Note 12 Pro+ 5G (Arctic White, 256 GB)",4.2,29999,https://rukminim2.flixcart.com/image/312/312/xif0q/mobile/l/2/x/-original-imaghkvuqvdctjmx.jpeg?q=70,4980,256,8,Dimensity1080P,12
228,228,"REDMI Note 12 Pro 5G (Onyx Black, 128 GB)",4.2,24999,https://rukminim2.flixcart.com/image/312/312/xif0q/mobile/b/r/f/-original-imaghkvuhzwge3za.jpeg?q=70,5000,128,8,Dimensity1080P,12
229,229,"REDMI 11 Prime 5G (Meadow Green, 64 GB)",4.2,13996,https://rukminim2.flixcart.com/image/312/312/xif0q/mobile/x/l/4/-original-imagg5g6pcfr37by.jpeg?q=70,5000,64,4,not mentioned,12
230,230,"REDMI 10 (Caribbean Green, 64 GB)",4.3,9999,https://rukminim2.flixcart.com/image/312/312/xif0q/mobile/g/p/x/-original-imagk4nz54s7a7rf.jpeg?q=70,6000,64,4,Snapdragon680P,11
231,231,"REDMI 11 Prime 5G (Chrome Silver, 64 GB)",4.2,12999,https://rukminim2.flixcart.com/image/312/312/xif0q/mobile/h/u/8/-original-imaggfuphhftryvg.jpeg?q=70,5000,64,4,not mentioned,12
232,232,"REDMI 11 Prime (Playful Green, 64 GB)",4.3,9999,https://rukminim2.flixcart.com/image/312/312/xif0q/mobile/m/p/m/11-prime-mzb0cepin-redmi-original-imagzqvrhmzjeedx.jpeg?q=70,5000,64,4,Heilo99P,12
233,233,"REDMI Note 12 Pro+ 5G (Iceberg Blue, 256 GB)",4.2,-32537,https://rukminim2.flixcart.com/image/312/312/xif0q/mobile/h/h/z/-original-imaghkvufhjsnw7q.jpeg?q=70,4980,256,12,Dimensity1080P,12
234,234,"REDMI A1 (Light Green, 32 GB)",4.2,6250,https://rukminim2.flixcart.com/image/312/312/xif0q/mobile/b/l/p/-original-imagkjwrdh5pzrq6.jpeg?q=70,5000,32,2,not mentioned,2
235,235,"REDMI A1 (Black, 32 GB)",4.2,6100,https://rukminim2.flixcart.com/image/312/312/xif0q/mobile/6/j/g/-original-imagkjwrwzztvye6.jpeg?q=70,5000,32,2,not mentioned,2
236,236,"REDMI 10A (Sea Blue, 64 GB)",4.2,8650,https://rukminim2.flixcart.com/image/312/312/xif0q/mobile/a/7/a/-original-imagdrghghkneesf.jpeg?q=70,5000,64,4,not mentioned,nan
237,237,"REDMI Note 12 Pro+ 5G (Arctic White, 256 GB)",4.2,-32537,https://rukminim2.flixcart.com/image/312/312/xif0q/mobile/l/2/x/-original-imaghkvuqvdctjmx.jpeg?q=70,4980,256,12,Dimensity1080P,12
238,238,"REDMI 10 (Midnight Black, 64 GB)",4.3,9999,https://rukminim2.flixcart.com/image/312/312/xif0q/mobile/9/q/j/-original-imagk4nzwhudqhcz.jpeg?q=70,6000,64,4,Snapdragon680P,11
239,239,"REDMI 10 Prime 2022 (Bifrost Blue, 64 GB)",4.2,12990,https://rukminim2.flixcart.com/image/312/312/l3hmwsw0/mobile/0/b/q/10-prime-2022-22011119tl-redmi-original-imagehh7uhfu3beu.jpeg?q=70,6000,64,4,not mentioned,11
240,240,"REDMI 9 Activ (Metallic Purple, 64 GB)",4.2,9980,https://rukminim2.flixcart.com/image/312/312/xif0q/mobile/k/1/a/-original-imag7f5he4efhmtd.jpeg?q=70,5000,64,4,not mentioned,nan
241,241,"REDMI Note 12 Pro+ 5G (Obsidian Black, 256 GB)",4.2,-32537,https://rukminim2.flixcart.com/image/312/312/xif0q/mobile/z/a/b/-original-imaghkvv2u8jxajh.jpeg?q=70,4980,256,12,Dimensity1080P,12
242,242,"REDMI 9 Activ (Coral Green, 64 GB)",4.2,9200,https://rukminim2.flixcart.com/image/312/312/xif0q/mobile/v/h/o/-original-imag7fng7kfzcfzz.jpeg?q=70,5000,64,4,not mentioned,nan
243,243,"REDMI Note 10S (Frost White, 128 GB)",4.4,16499,https://rukminim2.flixcart.com/image/312/312/kyeqjrk0/mobile/z/i/b/-original-imagan9qprtsdkab.jpeg?q=70,5000,128,6,Heilo95P,11
244,244,"REDMI 12C (Matte Black, 64 GB)",4.2,8870,https://rukminim2.flixcart.com/image/312/312/xif0q/mobile/5/p/s/12c-22120rn86i-redmi-original-imagzeuq7hkfxefh.jpeg?q=70,5000,64,4,not mentioned,12
245,245,"REDMI Note 11S (Horizon Blue, 128 GB)",4.2,16268,https://rukminim2.flixcart.com/image/312/312/xif0q/mobile/m/e/8/-original-imagbwx4mqamdbzj.jpeg?q=70,5000,128,8,not mentioned,11
246,246,"REDMI 12c (Royal Blue, 128 GB)",4.2,10690,https://rukminim2.flixcart.com/image/312/312/xif0q/mobile/j/y/p/12c-22120rn86i-redmi-original-imagzfb2bsg8yhcz.jpeg?q=70,5000,128,6,Heilo85P,12
247,247,"REDMI 9 Prime (Sunrise Flare, 64 GB)",4.4,11990,https://rukminim2.flixcart.com/image/312/312/ke1pnrk0/mobile/g/2/p/mi-redmi-9-prime-m2004j191-original-imafuteqf9gdxdcg.jpeg?q=70,5020,64,4,Heilo80P,10
248,248,"REDMI 10 Prime (Astral White, 128 GB)",4.2,14990,https://rukminim2.flixcart.com/image/312/312/ktbu6q80/mobile/x/e/t/10-prime-10-redmi-original-imag6paxhggdnsjz.jpeg?q=70,6000,128,6,Heilo88P,11
249,249,"REDMI 9 Activ (Coral Green, 64 GB)",4.2,10000,https://rukminim2.flixcart.com/image/312/312/xif0q/mobile/v/h/o/-original-imag7fng7kfzcfzz.jpeg?q=70,5000,64,4,not mentioned,nan
250,250,"REDMI 9 Prime (Mint Green, 128 GB)",4.4,11990,https://rukminim2.flixcart.com/image/312/312/ke0a7ww0/mobile/4/r/e/mi-redmi-9-prime-m2004j191-original-imafushhfhy3tbp9.jpeg?q=70,5020,128,4,Heilo80P,10
251,251,"REDMI 9 Activ (Carbon Black, 64 GB)",4.2,8988,https://rukminim2.flixcart.com/image/312/312/xif0q/mobile/f/d/y/-original-imagj5u8zygyd2wt.jpeg?q=70,5000,64,4,Heilo35P,11
252,252,"REDMI Note 11S (Space Black, 128 GB)",4.1,15980,https://rukminim2.flixcart.com/image/312/312/xif0q/mobile/a/8/a/-original-imagbwx4ahgqxgg9.jpeg?q=70,5000,128,6,not mentioned,11
253,253,"REDMI K50i 5G (Stealth Black, 128 GB)",4.1,20999,https://rukminim2.flixcart.com/image/312/312/xif0q/mobile/2/s/g/-original-imagq35cvc36ahur.jpeg?q=70,5080,128,6,Dimensity8100P,12
254,254,"REDMI 12C (Mint Green, 128 GB)",4.2,10539,https://rukminim2.flixcart.com/image/312/312/xif0q/mobile/g/p/v/12c-22120rn86i-redmi-original-imagzeudapgcpedd.jpeg?q=70,5000,128,6,not mentioned,12
255,255,"REDMI 12c (Matte Black, 128 GB)",4.2,10548,https://rukminim2.flixcart.com/image/312/312/xif0q/mobile/z/e/y/12c-22120rn86i-redmi-original-imagzgbnyqtgn4jw.jpeg?q=70,5000,128,6,Heilo85P,12
256,256,"REDMI 10 Prime 2022 (Astral White, 64 GB)",4.2,11990,https://rukminim2.flixcart.com/image/312/312/l3dcl8w0/mobile/f/d/i/10-prime-2022-22011119ti-redmi-original-imagege45pacnru9.jpeg?q=70,6000,64,4,not mentioned,12
257,257,"REDMI Note 10S (Deep Sea Blue, 64 GB)",4.4,14999,https://rukminim2.flixcart.com/image/312/312/kyeqjrk0/mobile/y/u/t/-original-imagan9qzdf2hbgy.jpeg?q=70,5000,64,6,Heilo95P,11
258,258,"REDMI 9 Activ (Carbon Black, 128 GB)",4.2,9499,https://rukminim2.flixcart.com/image/312/312/xif0q/mobile/e/h/c/-original-imaghkmjtcfc3xgh.jpeg?q=70,5000,128,6,Heilo35P,11
259,259,"REDMI 9 Power (Fiery Red, 128 GB)",4.3,12990,https://rukminim2.flixcart.com/image/312/312/kj0bp8w0-0/mobile/t/o/v/9-power-mobhqab8-redmi-original-imafyz7ca8hbsgh3.jpeg?q=70,6000,128,4,Snapdragon662P,10
260,260,"REDMI Note 10 Lite (Glacier White, 128 GB)",4.3,14980,https://rukminim2.flixcart.com/image/312/312/kv1a4cw0/mobile/t/v/3/note-10-lite-2109106a1i-redmi-original-imag8yuh2gpuxfha.jpeg?q=70,5020,128,6,not mentioned,11
261,261,"REDMI 10 (Pacific Blue, 64 GB)",4.3,9999,https://rukminim2.flixcart.com/image/312/312/xif0q/mobile/m/q/e/-original-imagk4nz6xgtexam.jpeg?q=70,6000,64,4,Snapdragon680P,11
262,262,"REDMI Note 11 (Starburst White, 64 GB)",4.2,13285,https://rukminim2.flixcart.com/image/312/312/xif0q/mobile/m/e/y/-original-imagbgaqje2mygjm.jpeg?q=70,5000,64,4,not mentioned,11
263,263,"REDMI Note 9 (Shadow Black, 128 GB)",4.3,14999,https://rukminim2.flixcart.com/image/312/312/kiew3gw0/mobile/u/n/j/redmi-note-9-m2003j15si-mi-original-imafy7hyvgz42rsy.jpeg?q=70,5020,128,6,Heilo85P,10
264,264,"REDMI Note 10S (Cosmic Purple, 64 GB)",4.4,16999,https://rukminim2.flixcart.com/image/312/312/kyeqjrk0/mobile/u/0/8/-original-imagan9qhw9nyhce.jpeg?q=70,5000,64,6,Heilo95P,11
265,265,"REDMI Note 11 (Space Black, 64 GB)",4.2,12990,https://rukminim2.flixcart.com/image/312/312/xif0q/mobile/z/u/k/-original-imagbh8dmpjfzrjw.jpeg?q=70,5000,64,4,not mentioned,11
266,266,"REDMI 9 Activ (Metallic Purple, 128 GB)",4.2,11976,https://rukminim2.flixcart.com/image/312/312/xif0q/mobile/x/d/y/-original-imaghkmkwhphgnnk.jpeg?q=70,5000,128,6,Heilo35P,11
267,267,"REDMI Note 11 (Space Black, 64 GB)",4.2,12995,https://rukminim2.flixcart.com/image/312/312/xif0q/mobile/z/u/k/-original-imagbh8dmpjfzrjw.jpeg?q=70,5000,64,6,not mentioned,11
268,268,"REDMI Note 9 (Scarlet Red, 128 GB)",4.3,14999,https://rukminim2.flixcart.com/image/312/312/kdqa4y80/mobile/a/e/r/mi-redmi-note-9-m2003j15si-original-imafukarcpe9ayme.jpeg?q=70,5020,128,6,Heilo85P,10
269,269,"REDMI 10A (Sea Blue, 32 GB)",4.1,8195,https://rukminim2.flixcart.com/image/312/312/xif0q/mobile/a/7/a/-original-imagdrghghkneesf.jpeg?q=70,5000,32,3,not mentioned,nan
270,270,"REDMI 10 (Midnight Black, 128 GB)",4.2,10999,https://rukminim2.flixcart.com/image/312/312/xif0q/mobile/9/q/j/-original-imagk4nzwhudqhcz.jpeg?q=70,6000,128,6,Snapdragon680P,11
271,271,"REDMI Note 11S (Horizon Blue, 128 GB)",4.1,15680,https://rukminim2.flixcart.com/image/312/312/xif0q/mobile/m/e/8/-original-imagbwx4mqamdbzj.jpeg?q=70,5000,128,6,not mentioned,11
272,272,"REDMI NOTE 10 LITE (Aurora Blue, 128 GB)",4.3,14985,https://rukminim2.flixcart.com/image/312/312/kv1a4cw0/mobile/3/r/p/note-10-lite-2109106a1i-redmi-original-imag8yvazxeycrjd.jpeg?q=70,5020,128,6,not mentioned,11
273,273,"REDMI Note 10T 5G (Mint Green, 128 GB)",4.2,16999,https://rukminim2.flixcart.com/image/312/312/l0igvww0/mobile/9/a/w/-original-imagcaaw5gzbdtxj.jpeg?q=70,5000,128,6,Dimensity700P,11
274,274,"REDMI Note 10T 5G (Chromium White, 128 GB)",4.2,16999,https://rukminim2.flixcart.com/image/312/312/l0igvww0/mobile/o/q/q/-original-imagcaaw5zg6amp5.jpeg?q=70,5000,128,6,Dimensity700P,11
275,275,"REDMI Note 11 (Space Black, 128 GB)",4.2,16299,https://rukminim2.flixcart.com/image/312/312/xif0q/mobile/z/u/k/-original-imagbh8dmpjfzrjw.jpeg?q=70,5000,128,6,not mentioned,nan
276,277,"REDMI Note 11S (Polar White, 128 GB)",4.1,15995,https://rukminim2.flixcart.com/image/312/312/xif0q/mobile/m/c/d/-original-imagbwx4pxvedhdp.jpeg?q=70,5000,128,6,not mentioned,11
277,278,"REDMI Note 10T 5G (Metallic Blue, 64 GB)",4.3,15900,https://rukminim2.flixcart.com/image/312/312/l0igvww0/mobile/y/j/4/-original-imagcaaw4d7bv7pj.jpeg?q=70,5000,64,4,Dimensity700P,11
278,279,"REDMI Note 11 (Horizon Blue, 64 GB)",4.2,14999,https://rukminim2.flixcart.com/image/312/312/xif0q/mobile/w/i/h/-original-imaggghwgnzxzzvm.jpeg?q=70,5000,64,6,not mentioned,11
279,280,"REDMI 10 Prime (Bifrost Blue, 128 GB)",4.2,14900,https://rukminim2.flixcart.com/image/312/312/ktbu6q80/mobile/v/p/i/10-prime-10-redmi-original-imag6pb4qf7yxgrg.jpeg?q=70,6000,128,6,Heilo88P,11
280,281,"REDMI 10A (Slate Grey, 32 GB)",4.1,9999,https://rukminim2.flixcart.com/image/312/312/xif0q/mobile/c/p/m/-original-imagdrgp8pkbzccw.jpeg?q=70,5000,32,3,not mentioned,nan
281,282,"REDMI K50i 5G (Quick Silver, 128 GB)",4.1,24999,https://rukminim2.flixcart.com/image/312/312/xif0q/mobile/b/d/e/-original-imagq35cjaxnyfdg.jpeg?q=70,5080,128,6,Dimensity8100P,12
282,283,"REDMI 10A SPORT (CHARCOAL BLACK, 128 GB)",4.0,10399,https://rukminim2.flixcart.com/image/312/312/xif0q/mobile/p/u/m/-original-imaggz3mbxhyesnc.jpeg?q=70,5000,128,6,not mentioned,12
283,284,"REDMI Note 11T 5G (Stardust White, 128 GB)",4.2,19990,https://rukminim2.flixcart.com/image/312/312/xif0q/mobile/0/v/v/-original-imag9g37hzxggjgg.jpeg?q=70,5000,128,6,not mentioned,11
284,285,"REDMI Note 11T 5G (Stardust White, 128 GB)",4.2,18298,https://rukminim2.flixcart.com/image/312/312/xif0q/mobile/0/v/v/-original-imag9g37hzxggjgg.jpeg?q=70,5000,128,6,not mentioned,11
285,286,"REDMI Note 10S (Frost White, 64 GB)",4.4,16999,https://rukminim2.flixcart.com/image/312/312/kyeqjrk0/mobile/z/i/b/-original-imagan9qprtsdkab.jpeg?q=70,5000,64,6,Heilo95P,11
286,287,"REDMI 10A SPORT (SLATE GREY, 128 GB)",4.0,10999,https://rukminim2.flixcart.com/image/312/312/xif0q/mobile/e/5/j/-original-imaggz2sq4b8hv4q.jpeg?q=70,5000,128,6,not mentioned,12
287,288,"REDMI 9 Prime (Mint Green, 64 GB)",4.4,11990,https://rukminim2.flixcart.com/image/312/312/ke0a7ww0/mobile/4/r/e/mi-redmi-9-prime-m2004j191-original-imafushhfhy3tbp9.jpeg?q=70,5020,64,4,Heilo80P,10
288,289,"REDMI Note 11T 5G (Matte black, 128 GB)",4.2,19870,https://rukminim2.flixcart.com/image/312/312/xif0q/mobile/e/k/o/-original-imag9g3hxujubg8g.jpeg?q=70,5000,128,8,not mentioned,11
289,290,"REDMI Note 11T 5G (Aquamarine Blue, 128 GB)",4.2,18499,https://rukminim2.flixcart.com/image/312/312/xif0q/mobile/q/d/d/-original-imag9g3wygd8829v.jpeg?q=70,5000,128,6,not mentioned,11
290,291,"REDMI 10A (Slate grey, 64 GB)",4.2,8599,https://rukminim2.flixcart.com/image/312/312/xif0q/mobile/c/p/m/-original-imagdrgp8pkbzccw.jpeg?q=70,5000,64,4,not mentioned,12
291,292,"REDMI Note 10T 5G (Graphite Black, 64 GB)",4.3,14990,https://rukminim2.flixcart.com/image/312/312/l0igvww0/mobile/9/c/x/-original-imagcaawbw9ev8zf.jpeg?q=70,5000,64,4,Dimensity700P,11
292,293,"REDMI 10A (Slate Grey, 32 GB)",4.1,7489,https://rukminim2.flixcart.com/image/312/312/xif0q/mobile/c/p/m/-original-imagdrgp8pkbzccw.jpeg?q=70,5000,32,3,not mentioned,nan
293,294,"REDMI 9i Sport (Coral Green, 64 GB)",4.3,7399,https://rukminim2.flixcart.com/image/312/312/ku04o7k0/mobile/m/w/p/9i-sport-mzb0a0yin-redmi-original-imag785ryfspqg3a.jpeg?q=70,5000,64,4,Heilo25P,10
294,295,"REDMI Note 9 (Shadow Black, 64 GB)",4.3,11999,https://rukminim2.flixcart.com/image/312/312/khglj0w0/mobile/m/t/7/redmi-note-9-m2003j15si-mi-original-imafxgzhx4prwpgq.jpeg?q=70,5020,64,4,Heilo85P,10
295,296,"REDMI 9 Prime (Mint Green, 64 GB)",4.4,10499,https://rukminim2.flixcart.com/image/312/312/ke0a7ww0/mobile/4/r/e/mi-redmi-9-prime-m2004j191-original-imafushhfhy3tbp9.jpeg?q=70,5020,64,4,Heilo80P,10
296,297,"REDMI Note 11T 5G (Matte black, 128 GB)",4.2,19199,https://rukminim2.flixcart.com/image/312/312/xif0q/mobile/e/k/o/-original-imag9g3hxujubg8g.jpeg?q=70,5000,128,8,not mentioned,11
297,298,"REDMI 10A (Sea Blue, 32 GB)",4.1,9499,https://rukminim2.flixcart.com/image/312/312/xif0q/mobile/a/7/a/-original-imagdrghghkneesf.jpeg?q=70,5000,32,3,not mentioned,nan
298,299,"REDMI Note 10T 5G (Metallic Blue, 128 GB)",4.2,16990,https://rukminim2.flixcart.com/image/312/312/l0igvww0/mobile/y/j/4/-original-imagcaaw4d7bv7pj.jpeg?q=70,5000,128,6,Dimensity700P,11
299,300,"REDMI Note 10 Pro (Vintage Bronze, 128 GB)",4.3,17999,https://rukminim2.flixcart.com/image/312/312/l0h1g280/mobile/g/f/k/-original-imagc9cqaegfn486.jpeg?q=70,5020,128,6,Snapdragon732G,11
300,301,"REDMI 10A SPORT (SEA BLUE, 128 GB)",4.0,10489,https://rukminim2.flixcart.com/image/312/312/xif0q/mobile/f/q/f/-original-imaggz35fsh6jjnh.jpeg?q=70,5000,128,6,not mentioned,12
301,302,"REDMI Note 11S (Polar White, 128 GB)",4.1,20999,https://rukminim2.flixcart.com/image/312/312/xif0q/mobile/m/c/d/-original-imagbwx4pxvedhdp.jpeg?q=70,5000,128,6,not mentioned,11
302,303,"REDMI NOTE 10 LITE (Champagne Gold, 128 GB)",4.3,14645,https://rukminim2.flixcart.com/image/312/312/kv1a4cw0/mobile/d/f/x/note-10-lite-2109106a1i-redmi-original-imag8yv4dzqyenwt.jpeg?q=70,5020,128,6,not mentioned,11
303,304,"REDMI NOTE 10 LITE (Champagne Gold, 128 GB)",4.3,13990,https://rukminim2.flixcart.com/image/312/312/kua4r680/mobile/g/p/g/m2002f4lg-m1910f4g-redmi-note-10-lite-redmi-original-imag7f7fpmee9gje.jpeg?q=70,5020,128,4,not mentioned,11
304,305,"REDMI Note 11T 5G (Stardust White, 128 GB)",4.2,19899,https://rukminim2.flixcart.com/image/312/312/xif0q/mobile/0/v/v/-original-imag9g37hzxggjgg.jpeg?q=70,5000,128,8,not mentioned,11
305,306,"REDMI A2+ (Sea Green, 64 GB)",4.2,8377,https://rukminim2.flixcart.com/image/312/312/xif0q/mobile/a/i/l/a2-plus-a2-redmi-original-imagqfyemhx3pyks.jpeg?q=70,5000,64,4,not mentioned,13
306,307,"REDMI A2+ (Classic Black, 64 GB)",4.2,8288,https://rukminim2.flixcart.com/image/312/312/xif0q/mobile/h/c/s/a2-202580min-redmi-original-imagq2vdn4xj2drn.jpeg?q=70,5000,64,4,not mentioned,13
307,308,"REDMI Note 12 5G (Frosted Green, 256 GB)",4.0,20999,https://rukminim2.flixcart.com/image/312/312/xif0q/mobile/m/r/i/note-12-5g-mzb0ei8in-redmi-original-imagpgr9gpmjjnwa.jpeg?q=70,5000,256,8,Gen4,12
308,309,"REDMI A2 (Aqua Blue, 64 GB)",4.1,7530,https://rukminim2.flixcart.com/image/312/312/xif0q/mobile/t/y/x/a2-mobzc1pin-redmi-original-imagpuzrt9tjdcdz.jpeg?q=70,5000,64,4,not mentioned,13
309,310,"REDMI Note 12 5G (Matte Black, 256 GB)",4.0,20999,https://rukminim2.flixcart.com/image/312/312/xif0q/mobile/t/9/8/-original-imagpgsg2hvvtcef.jpeg?q=70,5000,256,8,Gen4,12
310,311,"REDMI NOTE 10 LITE (Aurora Blue, 64 GB)",4.3,13199,https://rukminim2.flixcart.com/image/312/312/kv1a4cw0/mobile/3/r/p/note-10-lite-2109106a1i-redmi-original-imag8yvazxeycrjd.jpeg?q=70,5020,64,4,not mentioned,11
311,312,"REDMI Note 12 5G (Mystique Blue, 256 GB)",4.0,20999,https://rukminim2.flixcart.com/image/312/312/xif0q/mobile/0/g/w/note-12-5g-mzb0eiain-redmi-original-imagpgr9ngapjhxq.jpeg?q=70,5000,256,8,Gen4,12
312,313,"REDMI 9 Prime (Matte Black, 64 GB)",4.4,10499,https://rukminim2.flixcart.com/image/312/312/ke0a7ww0/mobile/u/v/h/mi-redmi-9-prime-m2004j191-original-imafushhnazgtpzr.jpeg?q=70,5020,64,4,Heilo80P,10
313,314,"REDMI Note 9 Pro Max (Interstellar Black, 64 GB)",4.4,15990,https://rukminim2.flixcart.com/image/312/312/kdnf98w0/mobile/t/q/x/mi-redmi-note-9-pro-max-redmi-note-9-pro-max-original-imafug8czmh33peh.jpeg?q=70,5020,64,6,Snapdragon720G,10
314,315,"REDMI Note 10S (Cosmic Purple, 128 GB)",4.4,17990,https://rukminim2.flixcart.com/image/312/312/kyeqjrk0/mobile/u/0/8/-original-imagan9qhw9nyhce.jpeg?q=70,5000,128,6,Heilo95P,11
315,316,"REDMI A2+ (?Aqua Blue, 64 GB)",4.2,8287,https://rukminim2.flixcart.com/image/312/312/xif0q/mobile/7/e/i/a2-plus-a2-redmi-original-imagqfxuubw4zgbz.jpeg?q=70,5000,64,4,not mentioned,13
316,317,"REDMI A2 (Aqua Blue, 32 GB)",3.9,6549,https://rukminim2.flixcart.com/image/312/312/xif0q/mobile/t/y/x/a2-mobzc1pin-redmi-original-imagpuzrt9tjdcdz.jpeg?q=70,5000,32,2,not mentioned,13
317,318,"REDMI Note 10S (Frost White, 128 GB)",4.2,18499,https://rukminim2.flixcart.com/image/312/312/kyeqjrk0/mobile/z/i/b/-original-imagan9qprtsdkab.jpeg?q=70,5000,128,8,Heilo95P,11
318,320,"REDMI 9 Power (Electric Green, 64 GB)",4.3,13999,https://rukminim2.flixcart.com/image/312/312/kj0bp8w0-0/mobile/p/n/c/9-power-mobhqab5-redmi-original-imafyz7aqsrggzgh.jpeg?q=70,6000,64,4,Snapdragon662P,10
319,321,"REDMI Note 9 (Arctic White, 128 GB)",4.3,14990,https://rukminim2.flixcart.com/image/312/312/kd69z0w0/mobile/s/h/p/mi-redmi-note-9-b086982zkf-original-imafu4qfyyyrg8er.jpeg?q=70,5020,128,4,Heilo85P,10
320,322,"REDMI A2 (Aqua Blue, 32 GB)",3.9,6953,https://rukminim2.flixcart.com/image/312/312/xif0q/mobile/t/y/x/a2-mobzc1pin-redmi-original-imagpuzrt9tjdcdz.jpeg?q=70,5000,32,2,Heilo36P,12
321,323,"REDMI A2 (Sea Green, 64 GB)",4.1,7632,https://rukminim2.flixcart.com/image/312/312/xif0q/mobile/b/g/t/a2-mobzc1pin-redmi-original-imagpvyagktrdava.jpeg?q=70,5000,64,4,not mentioned,13
322,324,"REDMI A2 (Classic Black, 64 GB)",4.1,7640,https://rukminim2.flixcart.com/image/312/312/xif0q/mobile/6/f/s/a2-mobzc1pin-redmi-original-imagpuzhqhbphcg2.jpeg?q=70,5000,64,4,not mentioned,13
323,325,"REDMI A2 (Sea Green, 32 GB)",3.9,7295,https://rukminim2.flixcart.com/image/312/312/xif0q/mobile/b/g/t/a2-mobzc1pin-redmi-original-imagpvyagktrdava.jpeg?q=70,5000,32,2,Heilo36P,12
324,326,"REDMI 9 Power (Blazing Blue, 64 GB)",4.3,13999,https://rukminim2.flixcart.com/image/312/312/kkh6zrk0/mobile/o/o/c/redmi-9-power-mzb084xin-mzb084zin-mi-original-imafztfv3cywtzvz.jpeg?q=70,6000,64,4,Snapdragon662P,10
325,327,"REDMI 10 Prime 2022 (Bifrost Blue, 128 GB)",4.2,16999,https://rukminim2.flixcart.com/image/312/312/l3dcl8w0/mobile/z/d/5/10-prime-2022-22011119tl-redmi-original-imageg7xgeayhsjm.jpeg?q=70,6000,128,4,not mentioned,12
326,328,"REDMI A2 (Sea Green, 32 GB)",3.9,6515,https://rukminim2.flixcart.com/image/312/312/xif0q/mobile/b/g/t/a2-mobzc1pin-redmi-original-imagpvyagktrdava.jpeg?q=70,5000,32,2,not mentioned,13
327,329,"REDMI 12C (Lavender Purple, 6 GB)",2.5,11349,https://rukminim2.flixcart.com/image/312/312/xif0q/mobile/m/y/7/12c-12c-redmi-original-imagzh5shtwsc7bs.jpeg?q=70,5000,6,128,not mentioned,12
328,330,"REDMI Note 9 (Pebble Grey, 128 GB)",4.3,14999,https://rukminim2.flixcart.com/image/312/312/kd69z0w0/mobile/a/n/g/mi-redmi-note-9-b086982zkf-original-imafu4qf8gfcutde.jpeg?q=70,5020,128,6,Heilo85P,10
329,331,"REDMI Note 10 Pro Max (Dark Night, 128 GB)",4.3,21999,https://rukminim2.flixcart.com/image/312/312/xif0q/mobile/q/z/o/-original-imaghfn2uqatzcnh.jpeg?q=70,5020,128,6,Snapdragon732G,12
330,332,"REDMI Note 10 Pro (Dark Night, 128 GB)",4.3,17990,https://rukminim2.flixcart.com/image/312/312/l0h1g280/mobile/e/h/c/-original-imagc9cqbgtgfzum.jpeg?q=70,5020,128,6,Snapdragon732G,11
331,333,"REDMI A2 (Aqua Blue, 64 GB)",3.9,7480,https://rukminim2.flixcart.com/image/312/312/xif0q/mobile/t/y/x/a2-mobzc1pin-redmi-original-imagpuzrt9tjdcdz.jpeg?q=70,5000,64,2,not mentioned,13
332,334,"REDMI Note 10S (Deep Sea Blue, 128 GB)",4.2,18499,https://rukminim2.flixcart.com/image/312/312/kyeqjrk0/mobile/y/u/t/-original-imagan9qzdf2hbgy.jpeg?q=70,5000,128,8,Heilo95P,11
333,335,"REDMI Note 10T 5G (Graphite Black, 128 GB)",4.2,13999,https://rukminim2.flixcart.com/image/312/312/l0igvww0/mobile/9/c/x/-original-imagcaawbw9ev8zf.jpeg?q=70,5000,128,6,Dimensity700P,11
334,336,"REDMI 9i (Sea Blue, 64 GB)",4.3,8999,https://rukminim2.flixcart.com/image/312/312/kesv0y80/mobile/b/y/9/redmi-9i-mzb0815in-original-imafvehwghyuphbc.jpeg?q=70,5000,64,4,Heilo25P,10
335,337,"REDMI 10A (Slate Grey, 32 GB)",4.1,9599,https://rukminim2.flixcart.com/image/312/312/xif0q/mobile/c/p/m/-original-imagdrgp8pkbzccw.jpeg?q=70,5000,32,3,not mentioned,12
336,338,"REDMI 9 Activ (Carbon Black, 64 GB)",4.2,10999,https://rukminim2.flixcart.com/image/312/312/xif0q/mobile/f/d/y/-original-imagj5u8zygyd2wt.jpeg?q=70,5000,64,4,not mentioned,11
337,339,"REDMI 10 Prime 2022 (Phantom Black, 128 GB)",4.2,15499,https://rukminim2.flixcart.com/image/312/312/l3dcl8w0/mobile/x/f/f/10-prime-2022-22011119tl-redmi-original-imagegdjpzq7zyxv.jpeg?q=70,6000,128,4,not mentioned,11
338,340,"REDMI Note 9 (Aqua Green, 64 GB)",4.3,12890,https://rukminim2.flixcart.com/image/312/312/kd69z0w0/mobile/4/z/u/mi-redmi-note-9-b086982zkf-original-imafu4pyhhpwuzaw.jpeg?q=70,5020,64,4,Heilo85P,10
339,341,"REDMI Note 10 JE 5G (Green, 64 GB)",3.7,11749,https://rukminim2.flixcart.com/image/312/312/xif0q/mobile/4/k/3/note-10-je-5g-xgio2-redmi-original-imagp9wsgjhavefx.jpeg?q=70,5000,64,4,not mentioned,10
340,342,"REDMI 10 (Caribbean Green, 64 GB)",4.3,13999,https://rukminim2.flixcart.com/image/312/312/xif0q/mobile/b/h/n/10-220333qbi-redmi-original-imagzdyys2nrggsg.jpeg?q=70,6000,64,4,not mentioned,11
341,343,"REDMI Note 9 (Arctic White, 64 GB)",4.3,13990,https://rukminim2.flixcart.com/image/312/312/kd69z0w0/mobile/s/h/p/mi-redmi-note-9-b086982zkf-original-imafu4qfyyyrg8er.jpeg?q=70,5020,64,4,Heilo85P,10
342,344,"REDMI 9 Power (Mighty Black, 64 GB)",4.3,12990,https://rukminim2.flixcart.com/image/312/312/kj0bp8w0-0/mobile/d/e/1/9-power-mobhqab1-redmi-original-imafyz93hghvjkmu.jpeg?q=70,6000,64,4,Snapdragon662P,10
343,345,"REDMI A2 (Classic Black, 64 GB)",3.9,7490,https://rukminim2.flixcart.com/image/312/312/xif0q/mobile/6/f/s/a2-mobzc1pin-redmi-original-imagpuzhqhbphcg2.jpeg?q=70,5000,64,2,not mentioned,13
344,346,"REDMI A2 (Sea Green, 64 GB)",3.9,7490,https://rukminim2.flixcart.com/image/312/312/xif0q/mobile/b/g/t/a2-mobzc1pin-redmi-original-imagpvyagktrdava.jpeg?q=70,5000,64,2,not mentioned,13
345,347,"REDMI 11 Prime (Peppy Purple, 128 GB)",4.4,14999,https://rukminim2.flixcart.com/image/312/312/xif0q/mobile/i/r/s/-original-imagn9khacndpbqz.jpeg?q=70,5000,128,6,not mentioned,12
346,348,"REDMI Note 9 Pro Max (Glacier White, 128 GB)",4.4,20999,https://rukminim2.flixcart.com/image/312/312/ke353m80/mobile/e/w/8/mi-redmi-note-9-pro-max-m2003j6b1i-original-imafuufspghrmqh4.jpeg?q=70,5020,128,6,Snapdragon720G,10
347,349,"REDMI 12C (Lavender Purple, 64 GB)",4.2,9463,https://rukminim2.flixcart.com/image/312/312/xif0q/mobile/i/z/t/12c-22120rn86i-redmi-original-imagzeu8uqguykeh.jpeg?q=70,5000,64,4,not mentioned,12
348,350,"REDMI 12C (Royal Blue, 6 GB)",2.5,10935,https://rukminim2.flixcart.com/image/312/312/xif0q/mobile/j/t/i/12c-12c-redmi-original-imagzh5rmzryha6x.jpeg?q=70,5000,6,128,not mentioned,12
349,351,"REDMI 12c (Mint Green, 6 GB)",2.5,10999,https://rukminim2.flixcart.com/image/312/312/xif0q/mobile/3/x/o/12c-12c-redmi-original-imagzh5rkxqskc3u.jpeg?q=70,5000,6,128,not mentioned,12
350,352,"REDMI 12C (Matte Black, 64 GB)",4.2,9799,https://rukminim2.flixcart.com/image/312/312/xif0q/mobile/d/k/8/12c-12c-redmi-original-imagzh5sz7kkhbhh.jpeg?q=70,5000,64,4,not mentioned,12
351,353,"REDMI 9 Power (Mighty Black, 64 GB)",4.3,11490,https://rukminim2.flixcart.com/image/312/312/kj0bp8w0-0/mobile/d/e/1/9-power-mobhqab1-redmi-original-imafyz93hghvjkmu.jpeg?q=70,6000,64,4,Snapdragon662P,10
352,354,"REDMI Note 8 Pro (Electric Blue, 128 GB)",4.4,19999,https://rukminim2.flixcart.com/image/312/312/k87nxjk0/mobile/n/v/p/redmi-note-8-pro-mzb8594in-original-imafqaf4gxfbkpnf.jpeg?q=70,4500,128,8,Heilo,9
353,355,"REDMI Note 8 Pro (Shadow Black, 128 GB)",4.4,19999,https://rukminim2.flixcart.com/image/312/312/k87nxjk0/mobile/e/a/4/redmi-note-8-pro-mzb8312in-original-imafqaf3bdypexgy.jpeg?q=70,4500,128,8,Heilo,9
354,356,"REDMI 12C (Royal Blue, 64 GB)",4.2,9499,https://rukminim2.flixcart.com/image/312/312/xif0q/mobile/j/t/i/12c-12c-redmi-original-imagzh5rmzryha6x.jpeg?q=70,5000,64,4,not mentioned,12
355,357,"REDMI 12C (Mint Green, 64 GB)",4.2,9199,https://rukminim2.flixcart.com/image/312/312/xif0q/mobile/3/x/o/12c-12c-redmi-original-imagzh5rkxqskc3u.jpeg?q=70,5000,64,4,not mentioned,12
356,358,"REDMI 12c (Lavender Purple, 64 GB)",4.2,9599,https://rukminim2.flixcart.com/image/312/312/xif0q/mobile/m/y/7/12c-12c-redmi-original-imagzh5shtwsc7bs.jpeg?q=70,5000,64,4,not mentioned,12
357,359,"REDMI 12C (Matte Black, 6 GB)",2.5,11498,https://rukminim2.flixcart.com/image/312/312/xif0q/mobile/d/k/8/12c-12c-redmi-original-imagzh5sz7kkhbhh.jpeg?q=70,5000,6,128,not mentioned,12
358,361,"REDMI Note 8 Pro (Halo White, 128 GB)",2.5,17999,https://rukminim2.flixcart.com/image/312/312/k87nxjk0/mobile/m/f/k/redmi-note-8-pro-mzb8314in-original-imafqaf3mak86q8e.jpeg?q=70,4500,128,6,Heilo,9
359,362,"REDMI 12C (Matte Black, 6 GB)",4.5,11498,https://rukminim2.flixcart.com/image/312/312/xif0q/mobile/d/k/8/12c-12c-redmi-original-imagzh5sz7kkhbhh.jpeg?q=70,5000,6,128,not mentioned,12
360,363,"REDMI Note 8 Pro (Halo White, 128 GB)",4.5,17999,https://rukminim2.flixcart.com/image/312/312/k87nxjk0/mobile/m/f/k/redmi-note-8-pro-mzb8314in-original-imafqaf3mak86q8e.jpeg?q=70,4500,128,6,Heilo,9
361,364,"REDMI Note 8 Pro (Electric Blue, 64 GB)",4.2,16999,https://rukminim2.flixcart.com/image/312/312/k87nxjk0/mobile/n/v/p/redmi-note-8-pro-mzb8594in-original-imafqaf4gxfbkpnf.jpeg?q=70,4500,64,6,Heilo,9
362,365,"REDMI Note 8 Pro (Halo White, 64 GB)",4.2,16999,https://rukminim2.flixcart.com/image/312/312/k87nxjk0/mobile/m/f/k/redmi-note-8-pro-mzb8314in-original-imafqaf3mak86q8e.jpeg?q=70,4500,64,6,Heilo,9
363,366,"REDMI 11 Prime 5G (Meadow Green, 64 GB)",4.2,14111,https://rukminim2.flixcart.com/image/312/312/xif0q/mobile/o/r/o/11-prime-5g-22041219i-redmi-original-imagp8sw5cgwvgwp.jpeg?q=70,5000,64,4,not mentioned,12
364,367,"REDMI 11 Prime 5G (Chrome Silver, 64 GB)",4.3,14120,https://rukminim2.flixcart.com/image/312/312/xif0q/mobile/p/w/z/11-prime-5g-22041219i-redmi-original-imagpfp9seugamhu.jpeg?q=70,5000,64,4,not mentioned,12
365,368,"REDMI 11 Prime 5G (Thunder Black, 64 GB)",4.5,14120,https://rukminim2.flixcart.com/image/312/312/xif0q/mobile/9/v/n/11-prime-5g-22041219i-redmi-original-imagpfp9hsjb2mwd.jpeg?q=70,5000,64,4,not mentioned,12
366,369,"REDMI Note 10 (Shadow Black, 64 GB)",4.2,13995,https://rukminim2.flixcart.com/image/312/312/kmax8y80/mobile/o/4/z/note-10-mobhwasd2-redmi-original-imagf8hpzgar5mgs.jpeg?q=70,5000,64,4,Snapdragon678P,11
367,370,"REDMI Note 8 Pro (Shadow Black, 64 GB)",4.3,16999,https://rukminim2.flixcart.com/image/312/312/k87nxjk0/mobile/e/a/4/redmi-note-8-pro-mzb8312in-original-imafqaf3bdypexgy.jpeg?q=70,4500,64,6,Heilo,9
368,371,"REDMI 12C (Matte Black, 128 GB)",4.3,10199,https://rukminim2.flixcart.com/image/312/312/xif0q/mobile/s/m/x/12c-22120rn86i-redmi-original-imagr72bkjec4hjy.jpeg?q=70,5000,128,4,Heilo85P,12
369,372,"Redmi 6A (Black, 16 GB)",4.3,6399,https://rukminim2.flixcart.com/image/312/312/jpodaq80/mobile/b/q/z/mi-redmi-6a-redmi-6a-original-imafbv6guujwbz4z.jpeg?q=70,3000,16,2,not mentioned,8
370,373,"Redmi 6A (Rose Gold, 16 GB)",4.4,6489,https://rukminim2.flixcart.com/image/312/312/jmthle80-1/mobile/c/p/7/mi-redmi-6a-redmi-6a-original-imaf9m2uugjscfgk.jpeg?q=70,3000,16,2,not mentioned,8
371,374,"Redmi 6A (Gold, 16 GB)",4.2,6490,https://rukminim2.flixcart.com/image/312/312/jyxaw7k0/mobile/t/r/k/mi-redmi-6a-m1804c3ci-original-imafbhfyjgzjfybm.jpeg?q=70,3000,16,2,not mentioned,8
372,375,"Redmi Note 7S (Sapphire Blue, 32 GB)",4.4,11999,https://rukminim2.flixcart.com/image/312/312/k3xcdjk0pkrrdj/mobile-refurbished/5/w/6/redmi-note-7s-32-a-mzb7745in-mi-3-original-imafe48ru3s66sjd.jpeg?q=70,4000,32,3,Snapdragon,9
373,376,"Xiaomi 11Lite NE (Tuscany Coral, 128 GB)",4.5,22499,https://rukminim2.flixcart.com/image/312/312/xif0q/mobile/o/m/n/-original-imag7f6cggkvuyyb.jpeg?q=70,4250,128,6,Snapdragon778G,11
374,377,"Redmi Note 7S (Ruby Red, 32 GB)",4.4,11999,https://rukminim2.flixcart.com/image/312/312/k2tc1ow0pkrrdj/mobile-refurbished/f/p/s/redmi-note-7s-32-b-mzb7746in-mi-3-original-imafe48pmu5q6ygz.jpeg?q=70,4000,32,3,Snapdragon,9
375,378,"Redmi Note 6 Pro (Rose Gold, 64 GB)",4.3,12990,https://rukminim2.flixcart.com/image/312/312/jog2nbk0/mobile/q/z/h/mi-redmi-e7t-na-original-imafazxgdvdcnygz.jpeg?q=70,4000,64,6,Snapdragon636P,8
376,379,"Redmi 8 (Sapphire Blue, 64 GB)",4.2,10999,https://rukminim2.flixcart.com/image/312/312/k1fbmvk0/mobile/g/y/q/mi-redmi-8-mzb8253in-original-imafhyacjwjwxmsx.jpeg?q=70,5000,64,4,Snapdragon439P,9
377,380,"Redmi 1S (Metal Gray, 8 GB)",4.3,5999,https://rukminim2.flixcart.com/image/312/312/j16qm4w0/mobile/f/z/y/mi-redmi-1s-mzb4123in-original-imaestgf6zh7h7jq.jpeg?q=70,2000,8,1,not mentioned,4
378,381,"Redmi 9 (Sky Blue, 128 GB)",4.3,10190,https://rukminim2.flixcart.com/image/312/312/kehfi4w0/mobile/g/9/h/mi-redmi-9-lpddr4x-original-imafv5kypkgfqupf.jpeg?q=70,5000,128,4,not mentioned,10
379,382,"Redmi Note 9 Pro (Interstellar Black, 128 GB)",4.3,15990,https://rukminim2.flixcart.com/image/312/312/k7usyvk0/mobile/g/u/h/mi-redmi-note-9-b0784d862l-original-imafqy27dchrz3af.jpeg?q=70,5020,128,6,not mentioned,10
380,383,"Redmi Note 9 Pro (Glacier White, 128 GB)",4.3,15490,https://rukminim2.flixcart.com/image/312/312/kcdp5zk0/mobile/6/e/k/mi-redmi-note-9-pro-mzb9105in-original-imaftgy6gwe9vnqr.jpeg?q=70,5020,128,4,not mentioned,10
381,384,"Redmi Note 9 Pro (Champagne Gold, 128 GB)",4.3,14640,https://rukminim2.flixcart.com/image/312/312/keykscw0/mobile/k/g/w/mi-redmi-note-9-pro-max-m2003j6b1l-original-imafvj4vw773kgjr.jpeg?q=70,5020,128,4,not mentioned,10
382,385,"Redmi Note 9 Pro (Interstellar Black, 64 GB)",4.3,13590,https://rukminim2.flixcart.com/image/312/312/k7usyvk0/mobile/g/u/h/mi-redmi-note-9-b0784d862l-original-imafqy27dchrz3af.jpeg?q=70,5020,64,4,not mentioned,10
383,386,"Redmi Note 9 Pro (Aurora Blue, 64 GB)",4.3,11990,https://rukminim2.flixcart.com/image/312/312/k7usyvk0/mobile/z/f/6/mi-redmi-note-9-b0784d862m-original-imafqy27hbtc37gv.jpeg?q=70,5020,64,4,not mentioned,10
384,387,"Mi Max (Gold, 32 GB)",4.4,14999,https://rukminim2.flixcart.com/image/312/312/mobile/y/a/m/mi-mi-max-na-original-imaek4744gw8g9hb.jpeg?q=70,4850,32,3,Snapdragon,6
385,388,"Redmi 6A (Gold, 32 GB)",4.2,6999,https://rukminim2.flixcart.com/image/312/312/jyxaw7k0/mobile/t/r/k/mi-redmi-6a-m1804c3ci-original-imafbhfyjgzjfybm.jpeg?q=70,3000,32,2,not mentioned,8
386,389,"Redmi 8A (Sunset Red, 32 GB)",4.2,7990,https://rukminim2.flixcart.com/image/312/312/k0y6cnk0/mobile/p/4/x/mi-redmi-8a-mzb8459in-original-imafkmg2mza82yyu.jpeg?q=70,5000,32,3,Snapdragon439P,9
387,390,"Xiaomi 11Lite NE (Diamond Dazzle, 256 GB)",4.2,-22546,https://rukminim2.flixcart.com/image/312/312/xif0q/mobile/i/k/u/-original-imag7f6centfwcbz.jpeg?q=70,4250,256,8,not mentioned,11
388,391,"Xiaomi 11Lite NE (Vinyl Black, 256 GB)",4.2,-31537,https://rukminim2.flixcart.com/image/312/312/xif0q/mobile/e/u/4/-original-imag7f6chqmz5hzd.jpeg?q=70,4250,256,8,not mentioned,11
389,392,"Xiaomi 11Lite NE (Tuscany Coral, 128 GB)",4.1,24989,https://rukminim2.flixcart.com/image/312/312/xif0q/mobile/o/m/n/-original-imag7f6cggkvuyyb.jpeg?q=70,4250,128,8,not mentioned,11
390,393,"Xiaomi 11Lite NE (Tuscany Coral, 128 GB)",4.1,30999,https://rukminim2.flixcart.com/image/312/312/xif0q/mobile/o/m/n/-original-imag7f6cggkvuyyb.jpeg?q=70,4250,128,6,not mentioned,11
391,394,"Xiaomi 12 Pro 5G (Noir Black, 256 GB)",4.4,-23537,https://rukminim2.flixcart.com/image/312/312/xif0q/mobile/7/y/u/-original-imagqmtfu8gt62yv.jpeg?q=70,4600,256,8,Gen8,12
392,395,"Redmi 10 Prime (Astral White, 128 GB)",4.2,12331,https://rukminim2.flixcart.com/image/312/312/ktbu6q80/mobile/x/e/t/10-prime-10-redmi-original-imag6paxhggdnsjz.jpeg?q=70,6000,128,6,not mentioned,11
393,396,"Redmi 8A (Midnight Black, 32 GB)",4.1,8999,https://rukminim2.flixcart.com/image/312/312/k12go7k0/mobile/8/e/b/mi-redmi-8a-mzb8298in-original-imafkmhqztfbabww.jpeg?q=70,5000,32,3,Snapdragon439P,9
394,397,"Mi A3 (Not just Blue, 128 GB)",4.2,15999,https://rukminim2.flixcart.com/image/312/312/k3ncakw0pkrrdj/mobile/u/7/h/mi-redmi-a3-m1906f9si-original-imafjm6vn3h6ygyw.jpeg?q=70,4030,128,6,Snapdragon665P,9
395,398,"Redmi 10 Prime (Phantom Black, 128 GB)",4.2,12331,https://rukminim2.flixcart.com/image/312/312/ktbu6q80/mobile/s/j/e/10-prime-10-redmi-original-imag6pbabybzmrhn.jpeg?q=70,6000,128,6,not mentioned,11
396,399,"Mi 11 Lite (Tuscany Coral, 128 GB)",4.3,21999,https://rukminim2.flixcart.com/image/312/312/kq6yefk0/mobile/a/2/2/11-lite-m2101k9ai-mi-original-imag496g7nhdabwq.jpeg?q=70,4250,128,6,Snapdragon732G,11
397,400,"Mi 11 Lite (Tuscany Coral, 128 GB)",4.3,17499,https://rukminim2.flixcart.com/image/312/312/kq6yefk0/mobile/a/2/2/11-lite-m2101k9ai-mi-original-imag496g7nhdabwq.jpeg?q=70,4250,128,8,Snapdragon732G,11
398,401,"Mi 5 (Gold, 32 GB)",4.5,24999,https://rukminim2.flixcart.com/image/312/312/j110uq80/mobile/w/7/h/mi-mi-5-mzb4847in-original-imaesp9sj6fpetdx.jpeg?q=70,3000,32,3,Snapdragon,6
399,402,"Redmi 3S (Dark Grey, 16 GB)",4.2,6999,https://rukminim2.flixcart.com/image/312/312/mobile/f/r/6/mi-redmi-3s-prime-na-original-imaeh6bdfjgzxucj.jpeg?q=70,4100,16,2,Snapdragon4G,6
400,403,"Redmi K20 (Flame Red, 64 GB)",4.3,22999,https://rukminim2.flixcart.com/image/312/312/jxz0brk0/mobile/x/f/u/redmi-k20-na-original-imafgb4y5rfbvg8t.jpeg?q=70,4000,64,6,Snapdragon730P,9
401,404,"Redmi 10 Prime (Astral White, 64 GB)",4.3,14998,https://rukminim2.flixcart.com/image/312/312/ktbu6q80/mobile/x/e/t/10-prime-10-redmi-original-imag6paxhggdnsjz.jpeg?q=70,6000,64,4,not mentioned,11
402,405,"Redmi 3S (Silver, 16 GB)",4.1,6999,https://rukminim2.flixcart.com/image/312/312/mobile/b/x/a/mi-redmi-3s-prime-na-original-imaeh6bdx2uhhu82.jpeg?q=70,4100,16,2,Snapdragon4G,6
403,406,"Redmi 3S (Gold, 16 GB)",4.5,6999,https://rukminim2.flixcart.com/image/312/312/mobile/w/g/z/mi-redmi-3s-prime-na-original-imaeh6beckzjqeza.jpeg?q=70,4100,16,2,Snapdragon4G,6
404,407,"Redmi 10 Prime (Bifrost Blue, 128 GB)",4.3,12331,https://rukminim2.flixcart.com/image/312/312/ktbu6q80/mobile/v/p/i/10-prime-10-redmi-original-imag6pb4qf7yxgrg.jpeg?q=70,6000,128,6,not mentioned,11
405,408,"Redmi Note 7 Pro (Nebula Red, 128 GB)",4.3,13999,https://rukminim2.flixcart.com/image/312/312/jskofww0/mobile/3/u/t/mi-redmi-note-7-pro-na-original-imafe4bddnr7n5vb.jpeg?q=70,4000,128,6,Snapdragon675P,9
406,409,"Redmi Note 9 Pro (Aurora Blue, 128 GB)",4.3,15990,https://rukminim2.flixcart.com/image/312/312/k7usyvk0/mobile/z/f/6/mi-redmi-note-9-b0784d862m-original-imafqy27hbtc37gv.jpeg?q=70,5020,128,6,not mentioned,10
407,410,"Redmi Note 9 Pro (Glacier White, 64 GB)",4.2,13190,https://rukminim2.flixcart.com/image/312/312/k7usyvk0/mobile/k/n/u/mi-redmi-note-9-b0784d7nfq-original-imafqy27p5tuzx77.jpeg?q=70,5020,64,4,not mentioned,10
408,411,"Redmi 6A (Black, 32 GB)",4.2,6999,https://rukminim2.flixcart.com/image/312/312/jo4n4i80/mobile/f/m/z/mi-redmi-6a-redmi-6a-original-imafaf8cg5gwwms8.jpeg?q=70,3000,32,2,not mentioned,8
409,412,"REDMI Note 11T 5G (Stardust White, 64 GB)",4.2,15495,https://rukminim2.flixcart.com/image/312/312/xif0q/mobile/0/v/v/-original-imag9g37hzxggjgg.jpeg?q=70,5000,64,6,not mentioned,11
410,413,"REDMI Note 11T 5G (Stardust White, 128 GB)",4.0,18490,https://rukminim2.flixcart.com/image/312/312/xif0q/mobile/0/v/v/-original-imag9g37hzxggjgg.jpeg?q=70,5000,128,8,not mentioned,11
411,414,"REDMI Note 11T 5G (Aquamarine Blue, 64 GB)",4.2,16795,https://rukminim2.flixcart.com/image/312/312/xif0q/mobile/q/d/d/-original-imag9g3wygd8829v.jpeg?q=70,5000,64,6,not mentioned,11
412,415,"10T 5G (Cosmic Black, 128 GB)",4.2,25999,https://rukminim2.flixcart.com/image/312/312/xif0q/mobile/i/a/6/10t-5g-mzb07zain-mi-original-imagregtwqymre6u.jpeg?q=70,5000,128,8,not mentioned,10
413,416,"Xiaomi 11T Pro 5G Hyperphone (Meteorite Black, 256 GB)",4.2,28858,https://rukminim2.flixcart.com/image/312/312/kyoqmq80/mobile/p/u/j/11t-pro-5g-11t-mi-original-imagauzg78sgxy6h.jpeg?q=70,5000,256,8,not mentioned,11
414,417,"Redmi 8A Dual (Midnight Grey, 64 GB)",4.2,9999,https://rukminim2.flixcart.com/image/312/312/kbl4cy80/mobile/k/u/a/mi-redmi-8a-dual-b086982vlb-original-imafswhvwcgnqgcu.jpeg?q=70,5000,64,3,Snapdragon439P,9
415,418,"Xiaomi 11Lite NE (Tuscany Coral, 128 GB)",4.2,22800,https://rukminim2.flixcart.com/image/312/312/xif0q/mobile/o/m/n/-original-imag7f6cggkvuyyb.jpeg?q=70,4250,128,8,Snapdragon778G,11
416,419,"Mi A2 (Red, 64 GB)",4.2,17499,https://rukminim2.flixcart.com/image/312/312/jmkwya80/mobile/y/6/j/mi-a2-na-original-imaf9gbgka8yna47.jpeg?q=70,3010,64,4,Snapdragon,8
417,420,"Xiaomi 11T Pro 5G Hyperphone (Moonlight White, 256 GB)",4.2,28858,https://rukminim2.flixcart.com/image/312/312/kyoqmq80/mobile/f/m/b/11t-pro-5g-11t-mi-original-imagauz3cr3wzrhg.jpeg?q=70,5000,256,12,not mentioned,11
418,421,"Mi 11X (Cosmic Black, 128 GB)",4.3,24490,https://rukminim2.flixcart.com/image/312/312/xif0q/mobile/g/q/q/-original-imaggcz6fyt9yayh.jpeg?q=70,4520,128,8,not mentioned,11
419,422,"Xiaomi 11i 5G (Pacific Pearl, 128 GB)",4.3,24999,https://rukminim2.flixcart.com/image/312/312/ky7lci80/mobile/w/3/c/-original-imagag2gzgkcd5yx.jpeg?q=70,5160,128,6,Dimensity920P,11
420,423,"Redmi 10 Prime (Bifrost Blue, 64 GB)",4.3,12499,https://rukminim2.flixcart.com/image/312/312/ktbu6q80/mobile/v/p/i/10-prime-10-redmi-original-imag6pb4qf7yxgrg.jpeg?q=70,6000,64,4,not mentioned,11
421,424,"Redmi 6A (Blue, 32 GB)",4.4,6999,https://rukminim2.flixcart.com/image/312/312/jo4n4i80/mobile/y/e/8/mi-redmi-6a-redmi-6a-original-imafaf8yf387zwvm.jpeg?q=70,3000,32,2,not mentioned,8
422,425,"REDMI Note 10 lite (Glacier White, 64 GB)",4.4,13499,https://rukminim2.flixcart.com/image/312/312/kua4r680/mobile/n/o/b/m2002f4lg-m1910f4g-redmi-note-10-lite-redmi-original-imag7f7fqkuma9rf.jpeg?q=70,5018,64,4,not mentioned,11
423,426,"Redmi 5 (Gold, 32 GB)",4.5,9999,https://rukminim2.flixcart.com/image/312/312/jjq18y80/mobile/n/p/5/mi-redmi-5-na-original-imaf4gh6qhrdebfg.jpeg?q=70,3300,32,3,Snapdragon450P,7
424,427,"Redmi Note 4 (Lake Blue, 64 GB)",4.1,12749,https://rukminim2.flixcart.com/image/312/312/j6mhxu80/mobile/f/v/d/mi-redmi-note-4-na-original-imaexfmpe54mfxhy.jpeg?q=70,4100,64,4,Snapdragon2G,6
425,428,"Redmi Note 4 (Dark Grey, 32 GB)",4.1,10649,https://rukminim2.flixcart.com/image/312/312/mobile/9/8/z/mi-redmi-note-4-na-original-imaeqdxjuadhagfc.jpeg?q=70,4100,32,3,Snapdragon2G,6
426,429,"Redmi K20 (Pearl White, 64 GB)",4.1,22999,https://rukminim2.flixcart.com/image/312/312/k0463rk0/mobile/z/z/z/mi-redmi-k20-mzb8193in-original-imafjz56gg9fhffe.jpeg?q=70,4000,64,6,Snapdragon730P,9
427,430,"REDMI Note 11 Pro (Star Blue, 128 GB)",4.2,18336,https://rukminim2.flixcart.com/image/312/312/xif0q/mobile/k/7/p/-original-imagcvhfpjq25hdr.jpeg?q=70,5000,128,8,not mentioned,11
428,431,"REDMI Note 11 Pro (Phantom White, 128 GB)",4.2,18336,https://rukminim2.flixcart.com/image/312/312/xif0q/mobile/z/d/c/-original-imagcvhxubttxe7r.jpeg?q=70,5000,128,8,not mentioned,11
429,432,"9A (Midnight Black, 32 GB)",4.3,9499,https://rukminim2.flixcart.com/image/312/312/kesv0y80/mobile/b/h/z/mi-redmi-9a-b08696xb4b-original-imafve7pnhwakaha.jpeg?q=70,5000,32,3,not mentioned,10
430,433,"Mi 10 (Coral Green, 256 GB)",4.2,-5537,https://rukminim2.flixcart.com/image/312/312/kdxfc7k0/mobile/c/k/b/mi-10-mzb8923in-original-imafuq8sjfjuj3gv.jpeg?q=70,4780,256,8,Snapdragon865P,10
431,434,"Xiaomi 11i 5G (Purple Mist, 128 GB)",4.0,24999,https://rukminim2.flixcart.com/image/312/312/ky7lci80/mobile/e/j/x/-original-imagag2gatsxzcuv.jpeg?q=70,5160,128,6,Dimensity920P,11
432,435,"Xiaomi 11i Hypercharge 5G (Purple Mist, 128 GB)",4.5,-31538,https://rukminim2.flixcart.com/image/312/312/ky7lci80/mobile/k/b/g/-original-imagagf6fzbhuhny.jpeg?q=70,4500,128,8,Dimensity920P,11
433,436,"Mi 5 (White, 32 GB)",4.2,24999,https://rukminim2.flixcart.com/image/312/312/mobile/y/c/p/mi-5-na-original-imaejfhg2fjszfs5.jpeg?q=70,3000,32,3,Snapdragon,6
434,437,"Xiaomi 11i 5G (Stealth Black, 128 GB)",4.2,24999,https://rukminim2.flixcart.com/image/312/312/ky7lci80/mobile/4/n/d/-original-imagag2gdzpdfsdf.jpeg?q=70,5160,128,6,Dimensity920P,11
435,438,"Xiaomi 11T Pro 5G Hyperphone (Meteorite Black, 128 GB)",4.3,28858,https://rukminim2.flixcart.com/image/312/312/kyoqmq80/mobile/p/u/j/11t-pro-5g-11t-mi-original-imagauzg78sgxy6h.jpeg?q=70,5000,128,8,not mentioned,11
436,439,"Redmi K20 Pro (Pearl White, 128 GB)",4.5,28999,https://rukminim2.flixcart.com/image/312/312/k0463rk0/mobile/z/z/z/mi-redmi-k20-mzb8193in-original-imafjz56gg9fhffe.jpeg?q=70,4000,128,6,Snapdragon855P,9
437,440,"Redmi Note 11 PRO Plus 5G (Phantom White, 128 GB)",4.2,23143,https://rukminim2.flixcart.com/image/312/312/xif0q/mobile/6/l/m/-original-imagd5gcaqg9cvme.jpeg?q=70,5000,128,8,not mentioned,11
438,441,"Mi A3 (Kind of Grey, 128 GB)",4.3,15999,https://rukminim2.flixcart.com/image/312/312/k3ncakw0pkrrdj/mobile/z/r/4/mi-redmi-a3-redmi-a3-original-imafjm6v7egsh29h.jpeg?q=70,4030,128,6,Snapdragon665P,9
439,442,"Mi 10i (Midnight Black, 64 GB)",4.5,23999,https://rukminim2.flixcart.com/image/312/312/kjlrb0w0-0/mobile/z/s/l/10i-m10ix04-mi-original-imafz4rur4pb57cz.jpeg?q=70,4820,64,6,not mentioned,11
440,443,"Redmi K20 Pro (Carbon Black, 256 GB)",4.5,31999,https://rukminim2.flixcart.com/image/312/312/jxz0brk0/mobile/q/z/8/redmi-k20-pro-na-original-imafgb4ys5unqagx.jpeg?q=70,4000,256,8,Snapdragon855P,9
441,444,"Xiaomi 11i Hypercharge 5G (Pacific Pearl, 128 GB)",4.2,23999,https://rukminim2.flixcart.com/image/312/312/ky7lci80/mobile/y/0/v/-original-imagagf6reaugwfw.jpeg?q=70,4500,128,6,Dimensity920P,11
442,445,"Mi Max (Silver, 32 GB)",4.3,14999,https://rukminim2.flixcart.com/image/312/312/mobile/z/5/g/mi-mi-max-mzb4871in-original-imaemk4zhfbaapk5.jpeg?q=70,4850,32,3,Snapdragon,6
443,446,"Redmi Note 5 Pro (Rose Gold, 64 GB)",4.1,16999,https://rukminim2.flixcart.com/image/312/312/jdkjzww0/mobile/z/x/a/redmi-note-5-pro-mzb6086in-original-imaf2g8zp8ubadzb.jpeg?q=70,4000,64,6,Snapdragon636P,7
444,447,"Redmi K20 Pro (Pearl White, 256 GB)",4.0,31999,https://rukminim2.flixcart.com/image/312/312/k186fm80/mobile/7/m/q/mi-redmi-k20-mzb8194in-original-imafkudxngxjdctx.jpeg?q=70,4000,256,8,Snapdragon855P,9
445,448,"Mi A2 (Rose Gold, 64 GB)",4.2,17499,https://rukminim2.flixcart.com/image/312/312/jrs3mvk0/mobile/y/y/c/mi-a2-a2-original-imafdhvm44ehzuzz.jpeg?q=70,3010,64,4,Snapdragon,8
446,449,"Mi 5 (Black, 32 GB)",4.5,24999,https://rukminim2.flixcart.com/image/312/312/mobile/y/p/y/mi-mi-5-mzb4783in-original-imaejypp9hfv9yrv.jpeg?q=70,3000,32,3,Snapdragon,6
447,450,"Mi A2 (Gold, 128 GB)",4.3,13999,https://rukminim2.flixcart.com/image/312/312/jyxaw7k0/mobile/t/w/j/mi-mi-a2-mzb7127in-original-imaff797gema5d23.jpeg?q=70,3010,128,6,Snapdragon,8
448,451,"Mi 11X Pro 5G (Lunar White, 128 GB)",4.3,26990,https://rukminim2.flixcart.com/image/312/312/kox8b680/mobile/r/z/z/11x-pro-5g-11x-pro-mi-original-imag39qjujuhjerp.jpeg?q=70,4520,128,8,Snapdragon888P,11
449,452,"Mi 4i (Blue, 16 GB)",4.3,12999,https://rukminim2.flixcart.com/image/312/312/mobile/t/m/b/mi-mi-4i-mzb4430in-original-imaebagndxhhvnyk.jpeg?q=70,3030,16,2,Snapdragon,5
450,453,"Redmi Note 7 Pro (MOONLIGHT WHITE, 64 GB)",4.1,12500,https://rukminim2.flixcart.com/image/312/312/k65d18w0pkrrdj/mobile-refurbished/p/6/z/redmi-note-7-pro-64-d-mzb8005in-mi-4-original-imafj36gfh9gfr7g.jpeg?q=70,4000,64,6,Snapdragon675P,9
451,454,"Redmi 5 (Black, 64 GB)",4.4,11990,https://rukminim2.flixcart.com/image/312/312/jjq18y80/mobile/a/z/6/mi-redmi-5-na-original-imaf78krenwg8bbz.jpeg?q=70,3300,64,4,Snapdragon450P,7
452,455,"Redmi 5 (Gold, 64 GB)",4.2,10990,https://rukminim2.flixcart.com/image/312/312/jzrb53k0pkrrdj/mobile/e/4/p/mi-redmi-5-mdi1-original-imaf9f33fgzxb5nd.jpeg?q=70,3300,64,4,Snapdragon450P,7
453,456,"Mi Max (Dark Grey, 32 GB)",4.3,14999,https://rukminim2.flixcart.com/image/312/312/mobile/s/5/r/mi-mi-max-mzb4871in-original-imaemzj6rbwzgxe3.jpeg?q=70,4850,32,3,Snapdragon,6
454,457,"Mi A2 (Red, 128 GB)",4.5,20500,https://rukminim2.flixcart.com/image/312/312/jrgo4280/mobile/m/z/h/mi-a2-a2-original-imafd92uetypzxma.jpeg?q=70,3010,128,6,Snapdragon,8
455,458,"MI3 (Metallic Grey, 16 GB)",4.3,16999,https://rukminim2.flixcart.com/image/312/312/mobile/k/8/j/mi-mi3-original-imady54gkp5zt5hs.jpeg?q=70,3050,16,2,Snapdragon3G,4
456,459,"Xiaomi 11i Hypercharge 5G (Camo Green, 128 GB)",4.2,23999,https://rukminim2.flixcart.com/image/312/312/ky7lci80/mobile/u/8/a/-original-imagagf66vugzwut.jpeg?q=70,4500,128,6,Dimensity920P,11
457,460,"10A (Black, 64 GB)",4.2,9999,https://rukminim2.flixcart.com/image/312/312/xif0q/mobile/1/r/i/10a-220233m21-mi-original-imagzxq5eafbzz8w.jpeg?q=70,5000,64,4,Heilo25P,12
458,461,"Redmi Note 7 (Onyx Black, 64 GB)",4.1,14999,https://rukminim2.flixcart.com/image/312/312/k3xcdjk0pkrrdj/mobile-refurbished/q/d/5/redmi-note-7s-32-u-mzb7744in-mi-3-original-imafe48yggp2za54.jpeg?q=70,4000,64,4,Snapdragon,9
459,462,"Mi A3 (Not just Blue, 64 GB)",4.3,14999,https://rukminim2.flixcart.com/image/312/312/k3ncakw0pkrrdj/mobile/u/7/h/mi-redmi-a3-m1906f9si-original-imafjm6vn3h6ygyw.jpeg?q=70,4030,64,4,Snapdragon665P,9
460,463,"Xiaomi 11i Hypercharge 5G (Stealth Black, 128 GB)",4.5,28999,https://rukminim2.flixcart.com/image/312/312/ky7lci80/mobile/j/u/r/-original-imagagf6zvvbfjjg.jpeg?q=70,4500,128,8,Dimensity920P,11
461,464,"Xiaomi 11T Pro 5G Hyperphone (Meteorite Black, 256 GB)",4.5,28858,https://rukminim2.flixcart.com/image/312/312/kyoqmq80/mobile/p/u/j/11t-pro-5g-11t-mi-original-imagauzg78sgxy6h.jpeg?q=70,5000,256,12,not mentioned,11
462,465,"Mi A2 (Black, 128 GB)",4.5,20500,https://rukminim2.flixcart.com/image/312/312/jrjizrk0/mobile/q/9/r/mi-a2-a2-original-imaf8zwaxz8hh5mx.jpeg?q=70,3010,128,6,Snapdragon,8
463,466,"Redmi 5 (Lake Blue, 64 GB)",4.0,8499,https://rukminim2.flixcart.com/image/312/312/k01b8280pkrrdj/mobile/f/g/z/mi-redmi-5-mdi-1-original-imafgwyzf4wgwvsu.jpeg?q=70,3300,64,4,not mentioned,7
464,467,"Redmi Y2 (Rose Gold, 32 GB)",4.0,10499,https://rukminim2.flixcart.com/image/312/312/jltrl3k0/mobile/h/b/z/mi-redmi-y2-y2-original-imaf87qtgnmpemmb.jpeg?q=70,3080,32,3,Snapdragon625P,8
465,468,"Redmi Y2 (Black, 32 GB)",3.5,10499,https://rukminim2.flixcart.com/image/312/312/jnnhua80/mobile/a/d/j/mi-redmi-y2-y2-original-imafaabg2b2kyrct.jpeg?q=70,3080,32,3,Snapdragon625P,8
466,469,"Redmi Y2 (Dark Grey, 32 GB)",3.5,10499,https://rukminim2.flixcart.com/image/312/312/jlv70y80/mobile/3/e/u/mi-redmi-y2-y2-original-imaf75frvsu6my2q.jpeg?q=70,3080,32,3,Snapdragon625P,8
467,470,"11 Lite NE (Tuscany Coral, 128 GB)",4.3,25000,https://rukminim2.flixcart.com/image/312/312/xif0q/mobile/8/0/v/-original-imaggcz6c7gsmgtd.jpeg?q=70,4250,128,8,not mentioned,11
468,471,"11 Lite NE (Vinyl Black, 128 GB)",4.4,23374,https://rukminim2.flixcart.com/image/312/312/xif0q/mobile/4/h/7/-original-imaggcz6yyk9ykdj.jpeg?q=70,4250,128,8,not mentioned,11
469,472,"11 Lite NE (Tuscany Coral, 128 GB)",4.5,23999,https://rukminim2.flixcart.com/image/312/312/xif0q/mobile/8/0/v/-original-imaggcz6c7gsmgtd.jpeg?q=70,4250,128,6,not mentioned,11
470,473,"11 Lite NE (Diamond Dazzle, 128 GB)",4.5,22500,https://rukminim2.flixcart.com/image/312/312/xif0q/mobile/q/h/7/-original-imaggcz8fzrfrchh.jpeg?q=70,4030,64,4,Snapdragon665P,9
471,474,"Mi A3 (Kind of Grey, 64 GB)",4.1,14999,https://rukminim2.flixcart.com/image/312/312/k3ncakw0pkrrdj/mobile/z/r/4/mi-redmi-a3-redmi-a3-original-imafjm6v7egsh29h.jpeg?q=70,3080,64,4,Snapdragon2G,7
472,475,"Mi A1 (Red, 64 GB)",4.0,14599,https://rukminim2.flixcart.com/image/312/312/jbcjc7k0/mobile/z/4/t/mi-mi-a1-na-original-imafypzvyqgazqpy.jpeg?q=70,4000,128,6,Snapdragon855P,9
473,476,"Redmi K20 Pro (Carbon Black, 128 GB)",4.3,28999,https://rukminim2.flixcart.com/image/312/312/jxz0brk0/mobile/q/z/8/redmi-k20-pro-na-original-imafgb4ys5unqagx.jpeg?q=70,4000,128,6,Snapdragon675P,9
474,477,"Redmi Note 7 Pro (Neptune Blue, 128 GB)",4.5,17999,https://rukminim2.flixcart.com/image/312/312/jt641ow0/mobile/d/w/k/mi-redmi-note-7-pro-na-original-imafe4bbyfppbnuu.jpeg?q=70,5000,128,8,not mentioned,11
475,478,"REDMI Note 11 Pro (Stealth Black, 128 GB)",4.0,18336,https://rukminim2.flixcart.com/image/312/312/xif0q/mobile/j/l/e/-original-imagcqrqw5rwhguk.jpeg?q=70,4520,256,8,not mentioned,11
476,479,"Mi 11x Pro 5G (Lunar White, 256 GB)",4.3,-30546,https://rukminim2.flixcart.com/image/312/312/kod858w0/mobile/m/j/h/11x-pro-11x-pro-mi-original-imag2tzmnbhuhgjj.jpeg?q=70,4100,32,3,Snapdragon4G,6
477,480,"Redmi 3S Prime (Silver, 32 GB)",3.5,8999,https://rukminim2.flixcart.com/image/312/312/mobile/b/x/a/mi-redmi-3s-prime-na-original-imaeh6bdx2uhhu82.jpeg?q=70,4000,128,6,Snapdragon675P,9
478,481,"Redmi Note 7 Pro (Neptune Blue, 128 GB)",4.1,17999,https://rukminim2.flixcart.com/image/312/312/jt641ow0/mobile/d/w/k/mi-redmi-note-7-pro-na-original-imafe4bbyfppbnuu.jpeg?q=70,4520,256,8,not mentioned,11
479,482,"Mi 11x Pro 5G (Lunar White, 256 GB)",4.2,-30546,https://rukminim2.flixcart.com/image/312/312/kod858w0/mobile/m/j/h/11x-pro-11x-pro-mi-original-imag2tzmnbhuhgjj.jpeg?q=70,4100,32,3,Snapdragon4G,6
480,483,"Redmi 3S Prime (Silver, 32 GB)",4.2,8999,https://rukminim2.flixcart.com/image/312/312/mobile/b/x/a/mi-redmi-3s-prime-na-original-imaeh6bdx2uhhu82.jpeg?q=70,4250,128,6,not mentioned,11
481,484,"11 Lite NE (Vinyl Black, 128 GB)",3.6,23999,https://rukminim2.flixcart.com/image/312/312/xif0q/mobile/4/h/7/-original-imaggcz6yyk9ykdj.jpeg?q=70,4780,128,8,Snapdragon865P,10
482,485,"Mi 10 (Twilight Grey, 128 GB)",4.2,-10537,https://rukminim2.flixcart.com/image/312/312/kdxfc7k0/mobile/6/f/h/mi-10-mzb9044in-original-imafuq92ausjrxaz.jpeg?q=70,5000,128,8,Snapdragon865P,10
483,486,"Mi 10T Pro (Lunar Silver, 128 GB)",4.4,26899,https://rukminim2.flixcart.com/image/312/312/kg6vfrk0/mobile/h/v/j/mi-10t-pro-mzb07zein-original-imafwhb86qsrbgsj.jpeg?q=70,5000,128,8,not mentioned,11
484,487,"Redmi Note 11 PRO Plus 5G (Stealth Black, 128 GB)",4.3,26998,https://rukminim2.flixcart.com/image/312/312/xif0q/mobile/j/l/e/-original-imagcqrqw5rwhguk.jpeg?q=70,4820,256,12,not mentioned,13
485,488,"13 pro (Ceramic White, 256 GB)",4.2,9454,https://rukminim2.flixcart.com/image/312/312/xif0q/mobile/v/h/q/13-pro-2210132g-xiaomi-original-imagzbgp2nqtyvsw.jpeg?q=70,4500,128,8,Dimensity920P,11
486,489,"Xiaomi 11i Hypercharge 5G (Pacific Pearl, 128 GB)",4.3,28999,https://rukminim2.flixcart.com/image/312/312/ky7lci80/mobile/y/0/v/-original-imagagf6reaugwfw.jpeg?q=70,3080,64,4,Snapdragon625P,8
487,490,"Redmi Y2 (Blue, 64 GB)",4.3,9990,https://rukminim2.flixcart.com/image/312/312/jqzitu80/mobile/b/u/f/mi-redmi-y2-y2-original-imafctexm2whwc4k.jpeg?q=70,4100,32,3,Snapdragon4G,6
488,491,"Redmi 3S Prime (Dark Grey, 32 GB)",4.4,8999,https://rukminim2.flixcart.com/image/312/312/mobile/f/r/6/mi-redmi-3s-prime-na-original-imaeh6bdfjgzxucj.jpeg?q=70,5000,256,8,not mentioned,11
489,492,"Redmi Note 11 PRO Plus 5G (Mirage Blue, 256 GB)",4.2,23999,https://rukminim2.flixcart.com/image/312/312/xif0q/mobile/y/m/q/-original-imagcqr7spupzwtz.jpeg?q=70,2200,16,2,Snapdragon8916P,4
490,493,"Redmi 2 Prime (Grey, 16 GB)",4.3,6999,https://rukminim2.flixcart.com/image/312/312/mobile/d/a/c/mi-redmi-2-enhanced-mzb4397in-original-imae9t7zznk4yhrs.jpeg?q=70,2200,16,2,Snapdragon8916P,4
491,494,"Redmi 2 Prime (White, 16 GB)",4.4,6999,https://rukminim2.flixcart.com/image/312/312/jjolt3k0/mobile-refurbished/v/b/3/redmi-2-8-u-mzb4395in-mzb4283in-mi-1-original-imae9t7zabfzkxz6.jpeg?q=70,4000,128,6,Snapdragon665P,9
492,495,"Redmi Note 8 (Moonlight White, 128 GB)",4.2,15999,https://rukminim2.flixcart.com/image/312/312/k5lcvbk0pkrrdj/mobile-refurbished/a/k/t/redmi-note-8-64-d-m1908c3ji-mi-4-original-imafhh3gyjqqhqjd.jpeg?q=70,5160,128,8,Dimensity920P,11
493,496,"Xiaomi 11i 5G (Camo Green, 128 GB)",4.5,26999,https://rukminim2.flixcart.com/image/312/312/ky7lci80/mobile/i/w/n/-original-imagag2gugrdkbwu.jpeg?q=70,4050,32,3,Snapdragon8G,5
494,497,"Redmi Note 3 (Gold, 32 GB)",4.1,8999,https://rukminim2.flixcart.com/image/312/312/mobile/w/x/8/mi-redmi-note-3-na-original-imaegcryevzxxygd.jpeg?q=70,4000,32,3,not mentioned,9
495,498,"Redmi Note 8 (Moonlight White, 32 GB)",4.3,11990,https://rukminim2.flixcart.com/image/312/312/k5lcvbk0pkrrdj/mobile-refurbished/a/k/t/redmi-note-8-64-d-m1908c3ji-mi-4-original-imafhh3gyjqqhqjd.jpeg?q=70,4520,128,6,not mentioned,11
496,499,"MI 11X 5G (CELESTIAL SILVER, 128 GB)",4.3,24999,https://rukminim2.flixcart.com/image/312/312/ko8xtow0/mobile/e/v/i/m2012k11ai-11x-redmi-original-imag2qs6bpctu2vx.jpeg?q=70,4000,64,4,Snapdragon636P,7
497,500,"Redmi Note 5 Pro (Red, 64 GB)",4.1,12500,https://rukminim2.flixcart.com/image/312/312/jll6xzk0/mobile/w/z/n/mi-redmi-note-5-pro-mzb6634in-original-imaf8znfw6ygssjs.jpeg?q=70,3080,64,4,Snapdragon435P,7
